"id_plato","nombre_plato","precio_plato","descripcion_plato","imagen_plato","fechareg_plato","estado_plato","id_area","id_empsede","orden_plato","ispriority_plato","fondo_plato"
285,TABLA VERDE MOSTAZA,12000.0,"POLLO SALTEADO CON CHAMPIÑONES, TOCINO,QUESO, SALAMIN, ACEITUNAS NEGRAS Y SEVILLANAS, FONDOS DE ALCACHOFA, PEPINILLOS, PALMITOS Y GALLETAS DE COCKTAIL. ",,"2022-08-24 20:58:21",A,1,2,"2",0,
286,TABLA BAMBUES,12000.0,"CARNE DE VACUNO, SALTEADA CON  CHAMPIÑONES ,QUESO, SALAMIN, ACEITUNAS NEGRAS Y SEVILLANAS, FONDOS DE ALCACHOFAS, PEPINILLOS, PALMITOS Y GALLETAS DE COCKTAIL. ",,"2022-08-24 20:58:34",A,1,2,"3",0,
287,TABLA VEGETARIANA ,12000.0,"FONDOS DE ALCACHOFA, ACEITUNAS NEGRAS Y SEVILLANAS, PEPINILLOS, CHAMPIÑONES, TOMATE CHERRY, PALMITOS, GALLETAS DE  COCKTAIL.",,"2022-08-24 20:58:48",A,1,2,"1",0,
288,arroz con leche,2000.0,xxxxx,,"2022-08-29 22:16:41",A,4,4,,0,
289,mazamorra,3000.0,yyyyy,,"2022-08-29 22:17:00",I,1,4,"1",0,
290,dulce de leche,4000.0,adasdasd,,"2022-08-29 22:17:12",I,4,4,"1",0,
291,ceviche,1300.0,asdasdas,,"2022-08-29 22:17:29",A,4,4,,0,
292,papa a la huancaina,2100.0,adasdads,,"2022-08-29 22:17:43",I,1,4,,0,
293,sopa,2100.0,asadasd,,"2022-08-29 22:18:03",A,4,4,,0,
294,TABLA ACACIAS,14000.0,"CARNE DE VACUNO Y POLLO, SALTEADA CON TOCINO Y CHAMPIÑONES. ",,"2022-09-01 18:06:37",A,1,2,"4",0,
295,TABLA DE EMPANADAS,7500.0,"6 EMPANADITAS DE QUESO, 6 EMPANADITAS QUE PINO, ACOMPAÑADA CON SALSA BLANCA. ",,"2022-09-01 18:08:15",A,1,2,"1",0,
296,HEINEKEN,3500.0,BOTELLA 330 CC,,"2022-09-01 21:45:59",A,2,2,,0,
297,KUNSTMANN TOROBAYO,3500.0,BOTELLA 330 CC,,"2022-09-01 21:46:49",A,2,2,,0,
298,KUNSTMANN MIEL ,3500.0,BOTELLA 330 CC,,"2022-09-01 21:53:07",A,2,2,,0,
299,KUNSTMANN ARANDANOS,3500.0,BOTELLA 330 CC,,"2022-09-01 21:53:54",A,2,2,,0,
300,KUNSTMANN SIN ALCOHOL,3500.0,BOTELLA 330 CC ,,"2022-09-01 21:54:21",A,2,2,,0,
301,CORONA,3500.0,BOTELLA 330 CC,,"2022-09-01 21:54:47",A,2,2,,0,
302,trilogia,21000.0,....,,"2022-09-01 22:01:50",A,4,4,,0,
303,SANTA DIGNA RESERVA CABERNET SAUVIGNON ,15000.0,BOTELLA 750 CC,,"2022-09-01 22:18:41",A,2,2,"14",0,
304,CASTILLO DE MOLINA RESERVA  CABERNET SAUVIGNON,15000.0,BOTELLA CASTILLO MOLINA CABERNET SAUVIGNON 750 CC,,"2022-09-01 22:19:08",A,2,2,"5",0,
305,MISIONES DE RENGO RESERVA CABERNET SAUVIGNON ,13000.0,BOTELLA 750 CC,,"2022-09-01 22:19:38",A,2,2,"10",0,
306,CASILLERO DEL DIABLO CABERNET SAUVIGNON ,13000.0,BOTELLA CASILLERO DEL DIABLO CABERNET SAUVIGNON 750 CC,,"2022-09-01 22:20:05",A,2,2,"7",0,
307,LATE HARVEST,10000.0,BOTELLA 375 CC ,,"2022-09-01 22:20:58",A,2,2,"16",0,
308,CARMEN MARGAUX - CARMENERE ,11000.0,BOTELLA 750 CC ,,"2022-09-01 22:21:40",A,2,2,"2",0,
309,MISIONES DE RENGO SAUVIGNON BLANC  ,12000.0,BOTELLA 750 CC,,"2022-09-01 22:22:07",A,2,2,"13",0,
310,ALTO DEL CARMEN 35°,5500.0,BEBIDA A ELECCIÓN ,,"2022-09-01 22:24:42",A,2,2,"9",0,
311,MISTRAL 46°,6000.0,BEBIDA A ELECCIÓN ,,"2022-09-01 22:25:13",A,2,2,"8",0,
312,PISCO SOUR,5000.0,"PISCO, JUGO DE LIMÓN, AZÚCAR FLOR",,"2022-09-01 22:25:45",A,2,2,"7",0,
313,MANGO SOUR,5000.0,"PISCO, JUGO DE MANGO, AZÚCAR FLOR",,"2022-09-01 22:26:13",A,2,2,"6",0,
314,PISCO SOUR JENGIBRE,5500.0,"PISCO, JUGO DE LIMÓN, JENGIBRE, AZÚCAR FLOR",,"2022-09-01 22:30:50",A,2,2,"5",0,
315,PISCO SOUR PICA,5500.0,"PISCO, LIMÓN DE PICA, AZÚCAR FLOR",,"2022-09-01 22:31:32",A,2,2,"3",0,
316,Primavera con licor ,5500.0,"Pisco, jugo naranja, granadina, durazno en cubo, slice de naranja ",,"2022-09-01 22:32:05",A,2,2,"4",0,
317,HORCÓN QUEMADO ,5500.0,BEBIDA A ELECCIÓN,,"2022-09-01 22:34:00",A,2,2,"2",0,
318,VALDIVIESO DEMI SEC,12000.0,BOTELLA 750 CC,,"2022-09-01 22:35:33",A,2,2,,0,
319,VALDIVIESO MOSCATO,12000.0,BOTELLA 750 CC,,"2022-09-01 22:35:58",A,2,2,,0,
320,VALDIVIESO BRUT,12000.0,BOTELLA 750 CC,,"2022-09-01 22:36:20",A,2,2,,0,
321,VALDIVIEDO BRUT 187.5 CC,5000.0,BOTELLA 187.5 CC,,"2022-09-01 22:37:01",A,2,2,,0,
322,STOLICHNAYA,6000.0,BEBIDA A ELECCIÓN,,"2022-09-01 22:38:42",A,2,2,"20",0,
323,ABSOLUT,6500.0,BEBIDA A ELECCIÓN,,"2022-09-01 22:39:13",A,2,2,"19",0,
324,ABSOLUT RASPBERRI,6500.0,BEBIDA A ELECCIÓN,,"2022-09-01 22:39:42",A,2,2,"18",0,
325,ABSOLUT MANGO ,6500.0,BEBIDA A ELECCIÓN,,"2022-09-01 22:40:04",A,2,2,"17",0,
326,ABSOLUT VAINILLA ,6500.0,BEBIDA A ELECCIÓN,,"2022-09-01 22:40:28",A,2,2,"16",0,
327,ABSOLUT CITRON,6500.0,BEBIDA A ELECCIÓN,,"2022-09-01 22:40:52",A,2,2,"15",0,
328,ABSOLUT KURANT,6500.0,BEBIDA A ELECCIÓN,,"2022-09-01 22:41:30",A,2,2,"14",0,
329,ABSOLUT MANDARIN,6500.0,BEBIDA A ELECCIÓN,,"2022-09-01 22:42:08",A,2,2,"13",0,
330,ABSOLUT PERA,6500.0,BEBIDA A ELECCIÓN,,"2022-09-01 22:42:42",A,2,2,"12",0,
331,ERISTOFF,5500.0,BEBIDA A ELECCIÓN ,,"2022-09-01 22:43:30",A,2,2,"11",0,
332,VODKA NARANJA ,5500.0,"VODKA, JUGO DE NARANJA, SLICE DE NARANJA",,"2022-09-01 22:44:08",A,2,2,"10",0,
333,VODKA PIÑA ,5500.0,"VODKA, JUGO PIÑA ",,"2022-09-01 22:44:43",A,2,2,"9",0,
334,RUSO BLANCO ,6000.0,"VODKA, KHALÚA, CREMA, AZÚCAR FLOR ",,"2022-09-01 22:45:25",A,2,2,"8",0,
335,RUSO NEGRO,6000.0,"VODKA, KAHLÚA, MARRASQUINO ",,"2022-09-01 22:45:56",A,2,2,"7",0,
336,CAIPIROSKA,5500.0,"VODKA, AZÚCAR, LIMÓN DE PICA, HIELO FRAPPE",,"2022-09-01 22:46:32",A,2,2,"6",0,
337,LAGO AZUL,5500.0,"VODKA, CURACAO AZUL, JUGO DE PIÑA, SLICE DE LIMÓN  ",,"2022-09-01 22:47:02",A,2,2,"5",0,
338,RED TROPICAL ,5500.0,"ABSOUT RASPBERRI, ABSOLUT PERA, LIMÓN, JUGO FRAMBUESA",,"2022-09-01 22:47:47",A,2,2,"4",0,
339,ABSOLUT COSMOPOLITAN,6500.0,"ABSOLUT CITRÓN, ARANDANOS, TRIPLE SEC, JUGO DE LIMÓN",,"2022-09-01 22:48:21",A,2,2,"3",0,
340,SEX ON THE BEACH,6000.0,"VODKA, JUGO DURAZNO, JUGO DE NARANJA Y JUGO DE PIÑA  ",,"2022-09-01 22:48:58",A,2,2,"2",0,
341,MOJITO VODKA,6500.0,"VODKA, HIELO FRAPPE, MENTA, JUGO LIMÓN, AZÚCAR FLOR, SODA",,"2022-09-01 22:49:27",A,2,2,"1",0,
342,GIN CON GIN,6000.0,BEBIDA A ELECCIÓN,,"2022-09-01 22:52:08",A,2,2,"1",0,
343,BEEFEATER,6000.0,BEBIDA A ELECCIÓN,,"2022-09-01 22:52:40",A,2,2,"2",0,
344,TOM COLLINS,6000.0,"GIN, JUGO DE LIMÓN, AZÚCAR FLOR, SODA",,"2022-09-01 22:54:03",A,2,2,"3",0,
345,MARTINI DRY,6000.0,"GIN, MARTINI",,"2022-09-01 22:54:37",A,2,2,"4",0,
346,TANQUERAY,6500.0,BEBIDA A ELECCIÓN,,"2022-09-01 22:55:08",A,2,2,"6",0,
347,BOMBAY SAPPHIRE,6000.0,BEBIDA A ELECCIÓN,,"2022-09-01 22:55:41",A,2,2,"5",0,
348,MARGARITA,6000.0,"TEQUILA, TRIPLE SEC, JUGO LIMÓN",,"2022-09-01 23:00:57",A,2,2,"13",0,
349,MARGARITA BLUE ,6000.0,"TEQUILA, CURACAO AZUL, LIMÓN",,"2022-09-01 23:01:33",A,2,2,"12",0,
350,TEQUILA FRUTILLA ,6000.0,SABORES: FRUTILLA ,,"2022-09-01 23:02:22",A,2,2,"11",0,
351,TEQUILA PIÑA ,6000.0,SABORES: PIÑA ,,"2022-09-01 23:03:23",A,2,2,"10",0,
352,TEQUILA FRAMBUESA ,6000.0,SABORES: FRAMBUESA,,"2022-09-01 23:04:10",A,2,2,"9",0,
353,SUNRISE,6000.0,"TEQUILA, JUGO NARANJA, GRANADINA",,"2022-09-01 23:04:53",A,2,2,"8",0,
354,TEQUIRIÑA,5500.0,"TEQUILA, LIMÓN DE PICA, AZÚCAR, HIELO FRAPPE ",,"2022-09-01 23:05:53",A,2,2,"7",0,
355,SHOT TEQUILA SENDA REAL,5500.0,"3 SHOT DE TEQUILA, LIMÓN Y SAL",,"2022-09-01 23:06:33",A,2,2,"6",0,
867,SOMBRERO NEGRO,6500.0,LIMÓN Y SAL,,"2022-09-01 23:07:15",A,2,2,"5",0,
868,CAZADORES,6500.0,LIMÓN Y SAL ,,"2022-09-01 23:08:52",A,2,2,"4",0,
1380,"1/2 Pollo",10000.0,"",,"2022-06-21 19:31:30",A,1,1,,0,
1381,A lo Pobre,4500.0,"",,"2022-07-07 12:18:28",A,1,1,"1",0,
1382,Agua Mineral con gas 1.5 Lt.,2500.0,"",,"2022-07-07 12:34:06",I,2,1,,0,
1383,Agua Mineral con gas 500cc,1500.0,"",,"2022-07-07 12:33:20",A,2,1,,0,
1384,Agua Mineral sin gas 1.5 Lt.,2000.0,"",,"2022-07-07 12:34:30",I,2,1,,0,
1385,Agua Mineral sin gas 500cc,1500.0,"",,"2022-07-07 12:33:43",A,2,1,,0,
1386,Amaretto Sour,4500.0,"",,"2022-06-21 19:50:19",A,2,1,"4",0,
1387,Aperol,6500.0,"",,"2022-06-21 19:50:55",A,2,1,"5",0,
1388,Arrollado,12500.0,"",,"2022-06-21 19:30:03",I,1,1,,0,
1389,Arroz,1000.0,"",,"2022-07-07 12:16:06",A,1,1,,0,
1390,Ave Palta,4500.0,"",,"2022-07-07 12:28:57",A,1,1,"5",0,
1391,Ave Queso,3500.0,"",,"2022-07-07 12:30:15",A,1,1,"6",0,
1392,Barros Luco,7500.0,"",,"2022-07-22 11:10:56",A,1,1,"4",0,
1393,Bilz 1.5 lt,3500.0,"",,"2022-06-21 19:40:29",I,2,1,,0,
1394,Café,1000.0,"",,"2022-07-12 18:05:59",A,3,1,,0,
1395,Café Máquina,1200.0,"",,"2022-07-14 13:36:19",A,3,1,,0,
1396,Caja de Plumavit,300.0,"",,"2022-07-26 13:15:54",A,3,1,,0,
1397,Carmen Magaux,6500.0,"",,"2022-06-21 19:47:25",A,2,1,,0,
1398,Casillero del Diablo Dark Red,15000.0,"",,"2022-06-21 19:46:42",A,2,1,,0,
1399,Cazuela de Vacuno,12000.0,"",,"2022-06-27 13:07:55",A,1,1,"11",0,
1400,Ceviche de reineta,8000.0,"",,"2022-06-21 19:35:03",I,1,1,,0,
1401,Ceviche de Salmón,10000.0,"",,"2022-06-21 19:34:44",I,1,1,,0,
1402,Chacarero,6500.0,"",,"2022-07-07 12:29:58",A,1,1,"7",0,
1403,Chelada,1000.0,"",,"2022-07-16 14:01:43",A,2,1,,0,
1404,Chirimoya,3500.0,"",,"2022-06-21 19:41:47",A,2,1,,0,
1405,Chorrillana para 2 Personas,20000.0,"",,"2022-06-21 19:29:25",A,1,1,"4",0,
1406,Coca-Cola 1.5 lt,3800.0,"",,"2022-06-21 19:39:12",I,2,1,,0,
1407,Coca-Cola 350 cc,2000.0,"",,"2022-06-21 19:37:58",A,2,1,,0,
1408,Coca-Cola Zero 350 cc,2000.0,"",,"2022-06-21 19:38:14",A,2,1,,0,
1409,Coca-Cola Zero1.5 lt,3800.0,"",,"2022-06-21 19:39:30",I,2,1,,0,
1410,Consomé,1500.0,"",,"2022-07-14 13:29:17",A,4,1,"4",0,
1411,Copa con Helado,3500.0,"",,"2022-07-07 12:25:10",A,3,1,"2",0,
1412,Copa Vino Blanco,2000.0,"",,"2022-06-21 19:43:40",A,2,1,,0,
1413,Copa Vino Tinto,2000.0,"",,"2022-06-21 19:43:27",A,2,1,,0,
1414,Corona,3500.0,"",,"2022-06-21 19:48:18",A,2,1,,0,
1415,Costillar,14000.0,"",,"2022-06-21 19:29:45",A,1,1,"10",0,
1416,Cristal Cero,2000.0,"",,"2022-07-14 13:31:28",A,2,1,,0,
1417,Empanada de Pino,3000.0,"",,"2022-06-21 19:33:59",A,4,1,"1",0,
1418,Empanada de Queso,3000.0,"",,"2022-06-21 19:34:15",A,4,1,"3",0,
1419,Ensalada a la Chilena,2500.0,"",,"2022-07-07 12:18:12",A,1,1,,0,
1420,Ensalada a la Chilena Grande,5500.0,"",,"2022-07-26 14:52:32",A,1,1,,0,
1421,Ensalada Surtida Individual,3000.0,"",,"2022-07-07 12:17:49",A,1,1,,0,
1422,Ensalada Surtida Grande,5500.0,"",,"2022-07-26 14:52:53",A,1,1,,0,
1423,Fanta 1.5 lt,3800.0,"",,"2022-06-21 19:40:14",I,2,1,,0,
1424,Fanta 350 cc,2000.0,"",,"2022-06-21 19:38:51",A,2,1,,0,
1425,Frambuesa,3500.0,"",,"2022-06-21 19:41:32",A,2,1,,0,
1426,Frutilla,3500.0,"",,"2022-06-21 19:42:18",A,2,1,,0,
1427,Heiniken,3500.0,"",,"2022-06-21 19:48:27",A,2,1,,0,
1428,Helado Soft Doble,2000.0,"",,"2022-07-14 13:34:34",A,3,1,,0,
1429,Helado Soft Simple,1500.0,"",,"2022-07-14 13:34:18",A,3,1,,0,
1430,Infusiones,1500.0,"",,"2022-07-12 18:06:11",A,3,1,,0,
1431,Kem 1.5 lt,3000.0,"",,"2022-06-21 19:41:06",I,2,1,,0,
1432,Kir Royal,5000.0,"",,"2022-06-21 19:50:32",A,2,1,,0,
1433,Kunstman Arándano,4000.0,"",,"2022-06-21 19:49:16",A,2,1,,0,
1434,Kunstman Miel,4000.0,"",,"2022-06-21 19:49:03",A,2,1,,0,
1435,Kunstman Torobayo,4000.0,"",,"2022-06-21 19:48:51",A,2,1,,0,
1436,Kunstmann sin alcohol,4000.0,"",,"2022-07-14 13:31:50",A,2,1,,0,
1437,Late Harvest,8500.0,"",,"2022-06-21 19:46:56",A,2,1,,0,
1438,Leche Asada,3500.0,"",,"2022-07-07 12:24:46",A,3,1,,0,
1439,Limonada,3000.0,"",,"2022-07-07 19:22:57",I,2,1,"1",0,
1440,Lomo Vetado  Angus ,17000.0,"",,"2022-06-21 19:30:31",A,1,1,"5",0,
1441,Lomo a Lo Pobre,14000.0,"",,"2022-06-21 19:31:09",I,1,1,,0,
1442,Mango,3500.0,"",,"2022-06-21 19:42:41",A,2,1,,0,
1443,Maracuyá,3500.0,"",,"2022-07-14 13:30:28",A,2,1,,0,
1444,Mechada,13000.0,"",,"2022-06-21 19:30:51",A,1,1,"6",0,
1445,Mechada Queso Champiñon,7500.0,"",,"2022-07-07 12:29:19",A,1,1,"2",0,
1446,Menú de Niño,9000.0,"",,"2022-07-26 14:54:12",A,1,1,,0,
1447,Michelada,1000.0,"",,"2022-07-16 14:01:21",A,2,1,,0,
1448,Misiones de Rengo Cabernet Sauvignon,6500.0,"",,"2022-06-21 19:43:56",A,2,1,,0,
1449,Misiones de Rengo Carmenere,6500.0,"",,"2022-06-21 19:44:20",A,2,1,,0,
1450,Misiones de Rengo Chardonnay,6500.0,"",,"2022-06-21 19:44:46",A,2,1,,0,
1451,Misiones de Rengo Merlot,6500.0,"",,"2022-06-21 19:44:09",A,2,1,,0,
1452,Misiones de Rengo Reserva Cabernet Sauvignon,10000.0,"",,"2022-06-21 19:44:57",A,2,1,,0,
1453,Misiones de Rengo Reserva Carmenere,10000.0,"",,"2022-06-21 19:45:21",A,2,1,,0,
1454,Misiones de Rengo Reserva Chardonnay,10000.0,"",,"2022-06-21 19:45:45",A,2,1,,0,
1455,Misiones de Rengo Reserva Merlot,10000.0,"",,"2022-06-21 19:45:10",A,2,1,,0,
1456,Misiones de Rengo Reserva Sauvignong Blanc,10000.0,"",,"2022-06-21 19:45:33",A,2,1,,0,
1457,Misiones de Rengo Sauvignong Blanc,6500.0,"",,"2022-06-21 19:44:32",A,2,1,,0,
1458,Mote con Huesillo,3000.0,"",,"2022-07-07 12:24:26",A,3,1,,0,
1459,Omelette,8500.0,"",,"2022-07-26 13:13:47",A,1,1,,0,
1460,Pap 1.5 lt,3500.0,"",,"2022-06-21 19:40:49",I,2,1,,0,
1461,Papas Cocidas,1500.0,"",,"2022-07-07 12:17:30",A,1,1,,0,
1462,Papas Fritas Agregado,3000.0,"",,"2022-07-07 12:16:47",A,1,1,null,0,
1463,Papas Rústicas,2500.0,"",,"2022-07-07 12:17:08",A,1,1,,0,
1464,Papayas a la Crema,3500.0,"",,"2022-07-07 12:24:00",A,3,1,,0,
1465,Parrillada para 2,38000.0,"",,"2022-06-21 19:28:03",A,1,1,"1",0,
1466,Parrillada para 3,57000.0,"",,"2022-06-21 19:28:27",A,1,1,"2",0,
1467,Parrillada para 4,75000.0,"",,"2022-06-21 19:29:06",A,1,1,"3",0,
1468,Pastel de Choclo,13000.0,"",,"2022-06-21 19:31:57",A,1,1,"7",0,
1469,Piña,3500.0,"",,"2022-06-21 19:42:04",A,2,1,,0,
1470,Pisco alto del Carmen 40°,4500.0,"",,"2022-06-21 19:52:05",A,2,1,,0,
1471,Pisco Mistral 46°,5000.0,"",,"2022-06-21 19:51:52",A,2,1,,0,
1472,Pisco Mistral Nobel 40°,4500.0,"",,"2022-06-21 19:52:17",A,2,1,,0,
1473,Pisco sour Catedral,8000.0,"",,"2022-06-21 19:49:50",A,2,1,"2",0,
1474,Pisco Sour Normal,4500.0,"",,"2022-06-21 19:49:35",A,2,1,"1",0,
1475,Porción Cheese Cake Frutos Rojos,3500.0,"",,"2022-06-28 12:22:19",A,3,1,,0,
1476,Porción de Sopaipillas 4 uni.,1500.0,"",,"2022-07-08 15:04:28",A,4,1,"5",0,
1477,Porción de Torta Red Vervet,5500.0,"",,"2022-07-14 13:33:09",I,3,1,,0,
1478,Porción Kuchen de frutos rojos,2500.0,"",,"2022-07-16 18:52:47",A,1,1,,0,
1479,Porción Kuchen de nuez,2500.0,"",,"2022-07-14 13:33:31",A,1,1,,0,
1480,Porción Kuchen Manzana,2500.0,"",,"2022-06-28 12:21:03",A,3,1,,0,
1481,Porción Pié de Limón ,2000.0,"",,"2022-06-28 12:21:32",A,3,1,,0,
1482,Porción Torta Chocolate,4500.0,undefined,,"2022-06-28 12:18:57",A,3,1,"1",0,
1483,Porción Torta Carrot Cake,5500.0,"",,"2022-06-28 12:20:07",A,3,1,,0,
1484,Porción Torta Durazno,3500.0,"",,"2022-06-28 12:19:33",A,3,1,,0,
1485,Porción Torta Red Velvet,5500.0,"",,"2022-07-12 18:18:35",A,3,1,,0,
1486,Provoleta,8000.0,"",,"2022-06-21 19:35:15",I,1,1,,0,
1487,Puré Picante,2500.0,"",,"2022-07-07 12:16:24",A,1,1,"1",0,
1488,Queso Caliente,2500.0,"",,"2022-07-07 12:29:39",A,1,1,"8",0,
1489,Ramazzotti,6500.0,"",,"2022-06-21 19:50:44",A,2,1,"6",0,
1490,Ron Havana Añejo Especial,4500.0,"",,"2022-06-21 19:52:28",I,2,1,,0,
1491,Ron Havana Club 7 años,4500.0,"",,"2022-06-21 19:52:37",A,2,1,,0,
1492,Ron Pampero Añejo,4000.0,"",,"2022-06-21 19:52:50",A,2,1,,0,
1493,Santa Emiliana,6500.0,"",,"2022-06-21 19:47:08",I,2,1,,0,
1494,Sol,3500.0,"",,"2022-06-21 19:48:34",A,2,1,,0,
1495,Sour Sabores (Frutilla/Chirimoya),5000.0,"",,"2022-06-21 19:50:05",A,2,1,"3",0,
1496,Sprite 1.5 lt,3500.0,"",,"2022-06-21 19:39:49",I,2,1,,0,
1497,Sprite 350 cc,2000.0,"",,"2022-06-21 19:38:35",A,2,1,,0,
1498,Té,2000.0,"",,"2022-07-12 18:05:48",A,3,1,"1",0,
1499,Toro de Piedra Cabernet Sauvignon,15000.0,"",,"2022-06-21 19:46:01",A,2,1,,0,
1500,Toro de Piedra Carmenere,15000.0,"",,"2022-06-21 19:46:31",A,2,1,,0,
1501,Toro de Piedra Merlot,15000.0,"",,"2022-06-21 19:46:19",A,2,1,,0,
1502,Vaina,4000.0,"",,"2022-07-16 13:58:00",A,2,1,,0,
1503,Jarra de Vino con Durazno,8000.0,"",,"2022-06-21 19:48:01",A,2,1,"1",0,
1504,Jarra de Vino con Frutilla,8000.0,"
",,"2022-06-21 19:47:49",A,2,1,"2",0,
1505,Whisky Johnnie Walker Black Label,6500.0,"",,"2022-06-21 19:51:26",A,2,1,,0,
1506,Whisky Johnnie Walker Old N°7,6500.0,"",,"2022-06-21 19:51:38",A,2,1,,0,
1507,Whisky Johnnie Walker Red Label,5000.0,"",,"2022-06-21 19:51:14",I,2,1,,0,
1635,Café,1000.0,"",,"2022-09-01 23:42:47",A,1,1,,0,
1636,Infusiones,15000.0,"",,"2022-09-01 23:42:59",A,1,1,,0,
1637,Café Máquina,1200.0,"",,"2022-09-01 23:43:11",A,1,1,,0,
1638,CACIQUE AÑEJO,5500.0,BEBIDA A ELECCIÓN ,,"2022-09-02 09:26:46",A,2,2,"22",0,
1639,PAMPERO AÑEJO ,5500.0,BEBIDA A ELECCIÓN ,,"2022-09-02 09:27:19",A,2,2,"21",0,
1640,BACARDI BLANCO,5000.0,BEBIDA A ELECCIÓN ,,"2022-09-02 09:27:54",A,2,2,"20",0,
1641,BACARDI LIMÓN ,6000.0,BEBIDA A ELECCIÓN ,,"2022-09-02 09:28:34",A,2,2,"19",0,
1642,BACARDI MANZANA ,6000.0,BEBIDA A ELECCIÓN ,,"2022-09-02 09:29:05",A,2,2,"18",0,
1643,BACARDI COCONUT,6000.0,BEBIDA A ELECCIÓN ,,"2022-09-02 09:30:58",A,2,2,"17",0,
1644,BACARDI RASPBERRI ,6000.0,BEBIDA A ELECCIÓN ,,"2022-09-02 09:31:47",A,2,2,"16",0,
1645,BACARDI MANGO,6000.0,BEBIDA A ELECCIÓN ,,"2022-09-02 09:32:20",A,2,2,"15",0,
1646,BACARDI AÑEJO ,5500.0,BEBIDA A ELECCIÓN ,,"2022-09-02 09:32:48",A,2,2,"14",0,
1647,BACARDI 8 AÑOS ,6500.0,BEBIDA A ELECCIÓN ,,"2022-09-02 09:33:17",A,2,2,"13",0,
1648,HAVANA AÑEJO ESPECIAL ,6000.0,BEBIDA A ELECCIÓN ,,"2022-09-02 09:33:44",A,2,2,"12",0,
1649,HAVANA CLUB RESERVA ,6000.0,BEBIDA A ELECCIÓN ,,"2022-09-02 09:34:17",A,2,2,"11",0,
1650,HAVANA CLUB 7 AÑOS,6500.0,BEBIDA A ELECCIÓN ,,"2022-09-02 09:34:58",A,2,2,"10",0,
1651,DAIKIRI,6000.0,"RON BLANCO, JUGO DE LIMÓN, AZÚCAR ",,"2022-09-02 09:35:29",A,2,2,"9",0,
1652,DAIKIRI FRUTA ,6000.0,"RON BLANCO (PIÑA, CHIRIMOYA, FRUTILLA, FRAMBUESA, MANGO)",,"2022-09-02 09:36:05",A,2,2,"8",0,
1653,HAWAI AZUL ,5500.0,"RON BLANCO, CURACAO AZUL, JUGO PIÑA, COCO",,"2022-09-02 09:36:57",A,2,2,"7",0,
1654,PIÑA COLADA,6000.0,"RON BLANCO, CREMA, JUGO DE PIÑA , COCO LOPÉZ",,"2022-09-02 09:37:30",A,2,2,"6",0,
1655,FRUTILLA COLADA,6000.0,"RON BLANCO, CREMA FRUTILLA, COCO LÓPEZ",,"2022-09-02 09:38:04",A,2,2,"5",0,
1656,MAITAI,6000.0,"RON BLANCO, CREMA, FRUTILLA, GRANADINA",,"2022-09-02 09:38:40",A,2,2,"4",0,
1657,CAIPIRISIMA,6000.0,"RON BLANCO, LIMÓN DE PICA, HIELO FRAPPE ",,"2022-09-02 09:39:21",A,2,2,"3",0,
1658,VERDE MOSTAZA,5500.0,"RON BLANCO, HIELO, LIMÓN DE PICA, JUGO DE NARANJA ",,"2022-09-02 09:40:06",A,2,2,"2",0,
1659,MOJITO ,6500.0,"RON BLANCO, HIELO FRAPPE, MENTA, JUGO LIMÓN, AZÚCAR, SODA",,"2022-09-02 09:40:50",A,2,2,"1",0,
1660,MOJITO FRUTILLA ,6500.0,"RON BLANCO, JUGO FRUTILLA, MENTA",,"2022-09-02 09:41:36",A,2,2,"14",0,
1661,MOJITO BACARDI RAZZ,6500.0,SABORES: RAZZ,,"2022-09-02 09:42:29",A,2,2,,0,
1662,MOJITO BACARDI MANZANA ,6500.0,SABORES: MANZANA,,"2022-09-02 09:44:57",A,2,2,,0,
1663,MOJITO BACARDI ORANGE,6500.0,SABORES: ORANGE,,"2022-09-02 09:46:05",A,2,2,,0,
1664,MOJITO BACARDI LIMÓN ,6500.0,SABORES: LIMÓN,,"2022-09-02 09:46:48",A,2,2,,0,
1665,JOHNNIE WALKER 6 AÑOS,6500.0,BEBIDA A ELECCIÓN ,,"2022-09-02 09:50:24",A,2,2,"16",0,
1666,JOHNNIE WALKER 12 AÑOS ,7000.0,BEBIDA A ELECCIÓN,,"2022-09-02 10:01:34",A,2,2,"15",0,
1667,CHIVAS REGAL 12 AÑOS,7000.0,BEBIDA A ELECCIÓN ,,"2022-09-02 10:02:03",A,2,2,"14",0,
1668,BALLENTINES 6 AÑOS,6000.0,BEBIDA A ELECCIÓN ,,"2022-09-02 10:02:50",A,2,2,"13",0,
1669,JB,6000.0,BEBIDA A ELECCIÓN ,,"2022-09-02 10:03:20",A,2,2,"12",0,
1670,JACK DANIELS ,7000.0,BEBIDA A ELECCIÓN ,,"2022-09-02 10:03:53",A,2,2,"11",0,
1671,JACK DANIELS MIEL ,7000.0,BEBIDA A ELECCIÓN ,,"2022-09-02 10:04:21",A,2,2,"10",0,
1672,JACK DANIELS MANZANA ,7000.0,BEBIDA A ELECCIÓN ,,"2022-09-02 10:05:00",A,2,2,"9",0,
1673,JACK DANIELS FIRE ,7000.0,BEBIDA A ELECCIÓN ,,"2022-09-02 10:05:27",A,2,2,"8",0,
1674,CLAVO OXIDADO,6500.0,"WHISKY, DRAMBUI, MARRASQUINO, CLAVO DE OLOR ",,"2022-09-02 10:06:32",A,2,2,"7",0,
1675,WHISKY SOUR,5500.0,"WHISKY, JUGO DE LIMÓN, AZÚCAR",,"2022-09-02 10:07:15",A,2,2,"6",0,
1676,JHON COLLINS ,6000.0,"WHISKY, JUGO DE LIMÓN, AZÚCAR, SODA, SLIVE DE LIMÓN",,"2022-09-02 10:07:42",A,2,2,"5",0,
1677,OLD FASHIONED,6000.0,"WHISKY, RODAJA DE PIÑA Y NARANJA, JUGO DE NARANJA",,"2022-09-02 10:08:10",A,2,2,"4",0,
1678,EL PADRINO,6000.0,"WHISKY, AMARETO, MARRASQUINO ",,"2022-09-02 10:08:36",A,2,2,"3",0,
1679,BAILEYS,6500.0,"BAILEYS, HIELO FRAPPE",,"2022-09-02 10:10:31",A,2,2,"14",0,
1680,CAMPARI,5500.0,BEBIDA A ELECCIÓN,,"2022-09-02 10:10:59",A,2,2,"13",0,
1681,ALEXANDER,5500.0,"COÑAC, CACAO, OPORTO, AZÚCAR, SALSA DE CHOCOLATE, CREMA ",,"2022-09-02 10:11:58",A,2,2,"12",0,
1682,AMARETTO SOUR,5000.0,"AMARETTO, JUGO DE LIMÓN, AZÚCAR FLOR",,"2022-09-02 10:12:35",A,2,2,"11",0,
1683,VAINA,5500.0,"COÑAC, CACAO, OPORTO, AZÚCAR, CREMA, CANELA",,"2022-09-02 10:13:08",A,2,2,"10",0,
1684,CAIPIRINHA,6000.0,"CACHAZA, LIMÓN DE PICA, AZÚCAR FLOR, HIELO FRAPPE",,"2022-09-02 10:13:36",A,2,2,"9",0,
1685,Orgasmo,6500.0,"Baileys, kahlúa, amaretto, licor de cacao",,"2022-09-02 10:14:02",A,2,2,"8",0,
1686,After Eigth ,6000.0,"Licor de chocolate, licor de menta, crema ",,"2022-09-02 10:14:28",A,2,2,"7",0,
1687,Kir Royal ,5000.0,"Licor de Casis, espumante ",,"2022-09-02 10:14:54",A,2,2,"6",0,
1688,Jugo Frutilla ,4000.0,"Jugo de frutilla, hielo ",,"2022-09-02 10:16:36",A,2,2,"27",0,
1689,Jugo Frambuesa,4000.0,"Jugo de frambuesa, hielo ",,"2022-09-02 10:17:09",A,2,2,"26",0,
1690,Jugo Naranja ,4000.0,"Jugo de naranja, hielo ",,"2022-09-02 10:17:49",A,2,2,"25",0,
1691,Jugo Piña ,4000.0,"Jugo de piña, hielo ",,"2022-09-02 10:18:22",A,2,2,"24",0,
1692,Jugo Mango ,4000.0,"Jugo de mango, hielo ",,"2022-09-02 10:18:53",A,2,2,"23",0,
1693,Jugo Chirimoya ,4000.0,"Jugo de chirimoya, hielo ",,"2022-09-02 10:19:27",A,2,2,"22",0,
1694,Shirley Temple ,5000.0,"Jugo naranja, ginger ale, granadina ",,"2022-09-02 10:19:51",A,2,2,"21",0,
1695,Virgen Cosmopolitan ,5500.0,"Arándanos, jugo de limón, jugo de naranja ",,"2022-09-02 10:20:23",A,2,2,"20",0,
1696,Mojito sin alcohol ,5000.0,"Jugo de limón, menta, azúcar, soda, hielo frappe ",,"2022-09-02 10:20:54",A,2,2,"19",0,
1697,Mojito frutilla sin alcohol ,5500.0,"Jugo frutilla, base mojito",,"2022-09-02 10:21:34",A,2,2,"18",0,
1698,Mojito frambuesa sin alcohol ,5500.0,"Jugo frambuesa, base mojito ",,"2022-09-02 10:22:08",A,2,2,"17",0,
1699,Mojito piña sin alcohol ,5500.0,"Jugo piña, base mojito ",,"2022-09-02 10:22:41",A,2,2,"16",0,
1700,Mojito mango sin alcohol ,5500.0,"Jugo mango, base mojito ",,"2022-09-02 10:23:18",A,2,2,"15",0,
1701,Mojito chirimoya sin alcohol ,5500.0,"Jugo chirimoya, base mojito ",,"2022-09-02 10:24:01",A,2,2,"14",0,
1702,Caipirinha sin alcohol ,5000.0,"Limón de pica, azúcar flor, tónica, hielo frappe ",,"2022-09-02 10:26:08",A,2,2,"13",0,
1703,Frutilla Colada ,5000.0,"Crema, frutilla, coco rallado, coco lópez",,"2022-09-02 10:26:40",A,2,2,,0,
1704,Mango De Ligth ,5000.0,"Jugo de mango, crema, plátano ",,"2022-09-02 10:27:12",A,2,2,"12",0,
1705,Tropical Run  ,5000.0,"Piña colada, esencia de vainilla, plátano",,"2022-09-02 10:27:39",A,2,2,"11",0,
1706,Hawai Island ,5000.0,"Jugo de naranja, rodaja de piña, piña colada mix",,"2022-09-02 10:28:04",A,2,2,"10",0,
1707,Primavera sin alcohol ,5000.0,"Jugo de naranja, jugo de piña, granadina, durazno",,"2022-09-02 10:28:32",A,2,2,"9",0,
1708,Piña colada sin alcohol,5000.0,"Jugo de piña, crema, coco lópez, coco rallado ",,"2022-09-02 10:29:01",A,2,2,"8",0,
1709,Limonada con jengibre o menta,5000.0,"Mineral sin gas, jugo de limón, azúcar flor, jengibre o menta ",,"2022-09-02 10:30:13",A,2,2,"7",0,
1710,COCA COLA ,2500.0,BEBIDA COCA COLA 350 cc,,"2022-09-02 10:32:40",A,2,2,"1",0,
1711,COCA COLA LIGTH ,2500.0,BEBIDA COCA COLA LIGTH 350 CC,,"2022-09-02 10:33:13",A,2,2,"3",0,
1712,Sprite ,2500.0,Bebida 350 cc,,"2022-09-02 10:33:42",A,2,2,,0,
1713,Fanta ,2500.0,Bebida 350 cc,,"2022-09-02 10:34:11",A,2,2,,0,
1714,Tónica ,2500.0,Bebida 350 cc ,,"2022-09-02 10:34:35",A,2,2,,0,
1715,Canada Dry ,2500.0,Bebida 350 cc,,"2022-09-02 10:35:15",A,2,2,,0,
1716,Mineral con gas ,2500.0,Agua con gas 350 cc,,"2022-09-02 10:35:40",A,2,2,,0,
1717,Mineral sin gas ,2500.0,Agua mineral sin gas ,,"2022-09-02 10:36:15",A,2,2,,0,
1718,Red Bull ,3500.0,Energética ,,"2022-09-02 10:36:45",A,2,2,,0,
1719,Red Bull sin azúcar ,3500.0,Energética ,,"2022-09-02 10:37:11",A,2,2,,0,
1720,Kuntsman sin alcohol ,3500.0,Cerveza sin alcohol 330 cc ,,"2022-09-02 10:37:46",A,2,2,"6",0,
1721,Horcón Quemado ,5000.0,Bebida a elección ,,"2022-09-02 10:38:17",A,2,2,,0,
1722,ACEITUNAS Y QUESO ,7000.0,"ACEITUNAS NEGRAS Y SEVILLANAS, QUESO EN CUBOS Y GALLETAS DE COCKTAIL",,"2022-09-02 10:46:06",A,1,2,"2",0,
1723,CARNE DE VACUNO A LA GREDA ,6000.0,CUBOS DE ASIENTO MACERADOS CON CHAMPIÑONES. ,,"2022-09-02 10:47:24",A,1,2,"6",0,
1724,POLLO A LA GREDA ,6000.0,CUBOS DE POLLO ADOBADOS CON CURRY Y TOCINO. ,,"2022-09-02 10:48:22",A,1,2,"5",0,
1725,PORCIÓN DE ACEITUNAS ,5000.0,ACEITUNAS NEGRAS Y SEVILLANAS ,,"2022-09-02 10:49:01",A,1,2,"4",0,
1726,PORCIÓN DE QUESO,5000.0,QUESO EN CUBOS,,"2022-09-02 10:49:29",A,1,2,"3",0,
1727,Mistral 35°,5500.0,Bebida a elección ,,"2022-09-02 10:52:18",A,2,2,"1",0,
1728,Aperol,6500.0,"Aperol, espumante, hielo ",,"2022-09-02 11:03:06",A,2,2,"5",0,
1729,Ramazzotti ,6500.0,"Ramazzotti, espumante, hielo ",,"2022-09-02 11:03:56",A,2,2,"4",0,
1730,Mojito Piña ,6500.0,"Ron blanco, jugo piña, menta ",,"2022-09-02 14:27:30",A,2,2,"15",0,
1731,Mojito Chirimoya ,6500.0,"Ron blanco, jugo chirimoya, menta ",,"2022-09-02 14:27:56",A,2,2,"18",0,
1732,Mojito Mango ,6500.0,"Ron blanco, jugo de mango, menta ",,"2022-09-02 14:28:30",A,2,2,"16",0,
1733,Mojito Maracuya ,6500.0,"Ron blanco, jugo mango, menta ",,"2022-09-02 14:28:55",A,2,2,"18",0,
1734,Mojito Corona ,9500.0,"Base Mojito, cerveza corona ",,"2022-09-02 14:37:08",A,2,2,,0,
1735,Mojito Heineken ,9500.0,"Base Mojito, cerveza heineken",,"2022-09-02 14:37:43",A,2,2,,0,
1736,Mojito Kuntsmann Torobayo ,9500.0,"Base mojito, cerveza kuntsmann torobayo",,"2022-09-02 14:38:25",A,2,2,,0,
1737,Mojito Kuntsmann miel ,9500.0,"Base Mojito, cerveza kuntsmann miel ",,"2022-09-02 14:39:02",A,2,2,,0,
1738,Heineken ,3500.0,BOTELLA 330 CC ,,"2022-09-02 15:40:07",A,2,3,,0,
1739,Kunstmann Torobayo ,3500.0,BOTELLA 330 CC,,"2022-09-02 15:40:37",A,2,3,,0,
1740,Kuntsmann Miel ,3500.0,BOTELLA 330 CC ,,"2022-09-02 15:41:17",A,2,3,,0,
1741,Kuntsmann Arandanos ,3500.0,BOTELLA 330 CC,,"2022-09-02 15:42:03",A,2,3,,0,
1742,Kuntsmann sin alcohol ,3500.0,BOTELLA 330 CC,,"2022-09-02 15:42:38",A,2,3,,0,
1743,Corona,3500.0,BOTELLA 330 CC ,,"2022-09-02 15:43:03",A,2,3,,0,
1744,Santa Digna Reserva Cabernet Sauvignon ,15000.0,Botella 750 ml ,,"2022-09-02 15:43:49",A,2,3,,0,
1745,Castillo de Molina Reserva Cabernet Sauvignon,15000.0,Botella 750 ml ,,"2022-09-02 15:45:25",A,2,3,,0,
1746,Misiones De Rengo Reserva Cabernet Sauvignon ,12000.0,Botella 750 ml ,,"2022-09-02 15:48:57",A,2,3,,0,
1747,Late Harvest ,10000.0,Botella 375 cc,,"2022-09-02 15:49:45",A,2,3,,0,
1748,Carmen Margaux ,10000.0,Botella 750 cc ,,"2022-09-02 15:50:22",A,2,3,,0,
1749,Misiones de Rengo Sauvignon Blanc ,11500.0,Botella 750 cc,,"2022-09-02 15:51:15",A,2,3,,0,
1750,Alto del Carmen 35°,5000.0,Bebida a elección ,,"2022-09-02 15:51:54",A,2,3,,0,
1751,Mistral 46°,5500.0,Bebida a elección ,,"2022-09-02 15:52:26",A,2,3,,0,
1752,Pisco Sour ,4500.0,"Pisco, jugo de limón, azúcar flor",,"2022-09-02 15:53:25",A,2,3,,0,
1753,Mango Sour ,4500.0,"Pisco, jugo mango, azúcar flor ",,"2022-09-02 15:54:05",A,2,3,,0,
1754,Pisco Sour Jengibre ,5000.0,"Pisco, jugo de limón, jengibre, azúcar flor",,"2022-09-02 15:54:41",A,2,3,,0,
1755,Pisco Sour Pica ,5000.0,"Pisco, limón pica, azúcar flor ",,"2022-09-02 15:55:13",A,2,3,,0,
1756,Primavera con licor ,5500.0,"Pisco, jugo naranja, granadina, durazno en cubo, slice de naranja ",,"2022-09-02 15:55:46",A,2,3,,0,
1757,Valdivieso Demi Sec,12000.0,Botella 750 cc,,"2022-09-02 15:56:32",A,2,3,"1",0,
1758,Valdivieso Moscato ,12000.0,Botella 750 cc,,"2022-09-02 15:57:07",A,2,3,"3",0,
1759,Valdivieso Brut ,12000.0,Botella 750 cc,,"2022-09-02 15:57:47",A,2,3,"2",0,
1760,Stolichnaya ,5500.0,Vodka con bebida a elección ,,"2022-09-02 15:58:18",A,2,3,,0,
1761,Absolut ,6000.0,Vodka con bebida a elección ,,"2022-09-02 15:58:52",A,2,3,,0,
1762,Jagermeister,6000.0,"Jagermeister, coca cola ",,"2022-09-10 00:08:54",A,2,2,"3",0,
1763,Mojito Jaguermeister,7000.0,"Base mojito, jaguermeister",,"2022-09-10 00:09:48",A,2,2,"2",0,
1764,TABLA VERDE MOSTAZA ,12000.0,"Pollo salteado con champiñones y tocino,queso mantecoso, salamin,huevos de codorniz, aceitunas negras,aceitunas sevillanas, fondos de alcachofa, palmitos y galletas de cocktail. ",,"2022-09-10 00:32:35",A,1,3,"7",0,
1765,TABLA BAMBUES,12000.0,"Carne de Vacuno, queso mantecoso, salamín, huevos de codorniz, aceitunas negras,aceitunas sevillanas, fondos de alcachofa, palmitos y galletas de cocktail. ",,"2022-09-10 00:33:46",A,1,3,"6",0,
1766,TABLA VEGETARIANA ,10000.0,"Fondos de alcachofas, aceitunas negras y sevillanas, pepinillos, champiñones, quesillo, tomate cherry, palmitos, galletas de cocktail.",,"2022-09-10 00:59:50",I,2,3,,0,
1767,TABLA ACACIAS ,14000.0,"Carne de Vacuno y pollo, salteada con tocino y champiñones.",,"2022-09-10 02:03:05",A,1,3,"5",0,
1768,Tabla de Empanadas ,6500.0,"6 empanaditas de queso, 6 empanaditas de pino, acompañada con salsa blanca. ",,"2022-09-10 02:08:26",A,2,3,,0,
1769,ACEITUNAS Y QUESO ,6000.0,"ACEITUNAS NEGRAS Y SEVILLANAS, QUESO EN CUBOS Y GALLETAS DE COCKTAIL",,"2022-09-10 02:11:05",I,1,3,,0,
1770,CARNE DE VACUNO A LA GREDA ,6000.0,CUBOS DE ASIENTO MACERADOS CON CHAMPIÑONES.,,"2022-09-10 02:13:02",A,1,3,"6",0,
1771,POLLO A LA GREDA ,6000.0,CUBOS DE POLLO ADOBADOS CON CURRY Y TOCINO. ,,"2022-09-10 02:13:42",A,1,3,"4",0,
1772,PORCIÓN DE ACEITUNAS ,5000.0,ACEITUNAS NEGRAS Y SEVILLANAS ,,"2022-09-10 02:15:18",A,1,3,"5",0,
1773,PORCIÓN DE QUESO,5000.0,QUESO EN CUBOS,,"2022-09-10 02:16:32",A,1,3,"3",0,
1774,Absolut Raspberri,6500.0,BEBIDA A ELECCIÓN,,"2022-09-10 23:09:24",A,2,3,,0,
1775,Absolut Mango ,6500.0,BEBIDA A ELECCIÓN,,"2022-09-10 23:09:57",A,2,3,,0,
1776,Absolut Vainilla,6500.0,BEBIDA A ELECCIÓN,,"2022-09-10 23:10:44",A,2,3,,0,
1777,Absolut Citron,6500.0,BEBIDA A ELECCIÓN,,"2022-09-10 23:11:34",A,2,3,,0,
1778,Absolut Kurant,6500.0,BEBIDA A ELECCIÓN,,"2022-09-10 23:12:09",A,2,3,,0,
1779,Absolut Mandarin ,6500.0,BEBIDA A ELECCIÓN ,,"2022-09-10 23:12:49",A,2,3,,0,
1780,Absolut Pera ,6500.0,BEBIDA A ELECCIÓN ,,"2022-09-10 23:13:25",A,2,3,,0,
1781,Absolut Pera ,6500.0,BEBIDA A ELECCIÓN ,,"2022-09-10 23:22:09",A,2,3,,0,
1782,Eristoff ,4500.0,BEBIDA A ELECCIÓN ,,"2022-09-10 23:22:47",A,2,3,,0,
1783,Vodka Naranja ,4500.0,"Vodka, jugo naranja, slice de naranja ",,"2022-09-10 23:24:08",A,2,3,,0,
1784,Vodka Piña ,4500.0,"Vodka, jugo de piña ",,"2022-09-10 23:24:43",A,2,3,,0,
1785,Ruso Blanco ,5500.0,"Vodka, khalúa, crema, azúcar flor",,"2022-09-10 23:25:47",A,2,3,,0,
1786,Ruso Negro ,5500.0,"Vodka, kahlúa, marrasquino",,"2022-09-10 23:26:27",A,2,3,,0,
1787,Caipiroska ,5000.0,"Vodka, azúcar, limón de pica, hielo frappe",,"2022-09-10 23:27:11",A,2,3,,0,
1788,Lago Azul ,5000.0,"Vodka, curacao azul, jugo de piña, slice de limón ",,"2022-09-10 23:28:05",A,2,3,,0,
1789,Red Tropical,5000.0,"Absolut raspberri, absolut pera, limón, jugo frambuesa ",,"2022-09-10 23:29:33",A,2,3,,0,
1790,Absolut Cosmopolitan ,6000.0,"Absolut citrón, arándanos, triple sec, jugo de limón",,"2022-09-10 23:32:33",A,2,3,,0,
1791,Sex on the beach ,5500.0,"Vodka, durazno, jugo de naranja y piña ",,"2022-09-10 23:36:44",A,2,3,,0,
1792,Mojito Vodka ,6000.0,"Vodka, hielo frappe, menta, jugo limón, azúcar flor, soda ",,"2022-09-10 23:37:30",A,2,3,,0,
1793,Gin con Gin ,4500.0,BEBIDA A ELECCIÓN,,"2022-09-10 23:38:28",A,2,3,,0,
1794,Beefeater,5000.0,BEBIDA A ELECCIÓN,,"2022-09-10 23:39:10",A,2,3,,0,
1795,Tom Collins ,5000.0,"Gin, jugo de limón, azúcar flor, soda",,"2022-09-10 23:53:21",A,2,3,,0,
1796,Martini Dry ,5000.0,"Gin, martini ",,"2022-09-10 23:53:54",A,2,3,,0,
1797,Tanqueray ,6000.0,BEBIDA A ELECCIÓN,,"2022-09-10 23:54:40",A,2,3,,0,
1798,Bombay Sapphire,6000.0,BEBIDA A ELECCIÓN,,"2022-09-10 23:57:23",A,2,3,,0,
1799,Margarita ,5500.0,"Tequila, triple sec, jugo limón ",,"2022-09-10 23:58:11",A,2,3,,0,
1800,Margarita Blue ,5500.0,"Tequila, curacao azul, jugo limón ",,"2022-09-10 23:59:11",A,2,3,,0,
1801,Tequila Frutilla ,5500.0,Sabores: frutilla,,"2022-09-10 23:59:50",A,2,3,,0,
1802,Tequila piña ,5500.0,Sabores: piña,,"2022-09-11 01:51:08",A,2,3,,0,
1803,Tequila Frambuesa ,5500.0,Sabores: frambuesa ,,"2022-09-11 01:51:48",A,2,3,,0,
1804,Sunrise ,5500.0,"Tequila, jugo de naranja, granadina ",,"2022-09-11 01:52:26",A,2,3,,0,
1805,Tequiriña ,5000.0,"Tequila, limón de pica, azúcar, hielo frappe",,"2022-09-11 01:53:05",A,2,3,,0,
1806,Shot Tequila Senda Real ,5000.0,"3 shot de tequila, limón y sal ",,"2022-09-11 01:53:48",A,2,3,,0,
1807,Sombrero Negro,6000.0,Limón y sal ,,"2022-09-11 01:54:26",A,2,3,,0,
1808,Cazadores ,6000.0,Limón y sal ,,"2022-09-11 01:57:28",A,2,3,,0,
1809,Cacique Añejo ,5000.0,Bebida a elección ,,"2022-09-11 01:58:11",A,2,3,,0,
1810,Pampero añejo ,5000.0,Bebida a elección ,,"2022-09-11 01:58:57",A,2,3,,0,
1811,Bacardi Blanco ,5000.0,Bebida a elección ,,"2022-09-11 02:01:39",A,2,3,,0,
1812,Bacardi Limón ,6000.0,Bebida a elección ,,"2022-09-11 02:02:09",A,2,3,,0,
1813,Bacardi Manzana ,6000.0,Bebida a elección ,,"2022-09-11 02:03:03",A,2,3,,0,
1814,Bacardi Coconut ,6000.0,Bebida a elección ,,"2022-09-11 02:03:36",A,2,3,,0,
1815,Bacardi Raspberri ,6000.0,BEBIDA A ELECCIÓN ,,"2022-09-11 02:04:36",A,2,3,,0,
1816,Bacardi Mango ,6000.0,Bebida a elección ,,"2022-09-11 02:05:10",A,2,3,,0,
1817,Bacardi Añejo ,5000.0,Bebida a elección ,,"2022-09-11 02:07:21",A,2,3,,0,
1818,Bacardi 8 años ,6000.0,BEBIDA A ELECCIÓN ,,"2022-09-11 02:07:57",A,2,3,,0,
1819,Havana Añejo Especial ,5000.0,BEBIDA A ELECCIÓN ,,"2022-09-11 02:08:48",A,2,3,,0,
1820,Havana Club Reserva ,5500.0,BEBIDA A ELECCIÓN ,,"2022-09-11 02:09:16",A,2,3,,0,
1821,Havana Club 7 años ,6000.0,Bebida a elección ,,"2022-09-11 02:24:56",A,2,3,,0,
1822,Daiquiri ,5000.0,"Ron blanco, jugo de limón, azúcar flor",,"2022-09-11 02:25:40",A,2,3,,0,
1823,Hawai Azul ,5000.0,"Ron blanco, curazao azul, jugo de piña, coco",,"2022-09-11 02:27:05",A,2,3,,0,
1824,Piña Colada ,5000.0,"Ron blanco, crema, jugo de piña, coco lopéz",,"2022-09-11 02:27:40",A,2,3,,0,
1825,Frutilla Colada ,5000.0,"Ron blanco, crema, frutilla, coco lópez",,"2022-09-11 02:28:30",A,2,3,,0,
1826,Maitai ,6000.0,"Ron blanco, crema, frutilla, granadina ",,"2022-09-11 02:29:07",A,2,3,,0,
1827,Caipirisima ,5000.0,"Ron blanco, limón de pica, hielo frappe ",,"2022-09-11 02:33:32",A,2,3,,0,
1828,Lorito de Terremoto,4500.0,"",,"2022-09-15 17:55:05",A,2,1,"4",0,
1829,Johnnie Walker 6 años ,6000.0,Bebida a elección ,,"2022-09-23 22:17:42",A,2,3,,0,
1830,Johnnie Walker 12 años ,7000.0,Bebida a elección ,,"2022-09-23 23:03:52",A,2,3,,0,
1831,Chivas Regal 12 años,7000.0,Bebida a elección,,"2022-09-23 23:04:31",A,2,3,,0,
1832,Ballentines 6 años ,6000.0,Bebida a elección ,,"2022-09-23 23:05:17",A,2,3,,0,
1833,JB,6000.0,Bebida a elección ,,"2022-09-23 23:05:40",A,2,3,,0,
1834,Jack Daniels,7000.0,BEBIDA A ELECCIÓN ,,"2022-09-23 23:06:13",A,2,3,,0,
1835,Jack Daniels Miel ,7000.0,BEBIDA A ELECCIÓN ,,"2022-09-23 23:06:46",A,2,3,,0,
1836,Jack Daniels Manzana,7000.0,Bebida a elección ,,"2022-09-23 23:07:34",A,2,3,,0,
1837,Jack Daniels Fire ,7000.0,Bebida a elección,,"2022-09-23 23:08:11",A,2,3,,0,
1838,Clavo Oxidado ,6500.0,"Whisky, drambui, marrasquino, clavo de olor",,"2022-09-23 23:08:46",A,2,3,,0,
1839,Whisky Sour ,5500.0,"Whisky, jugo limón, azúcar",,"2022-09-23 23:09:23",A,2,3,,0,
1840,Jhon Collins ,5500.0,"Whisky, jugo limón, azúcar, soda, slice de limón ",,"2022-09-23 23:11:26",A,2,3,,0,
1841,Old Fashioned ,5500.0,"Whisky, rodaja de piña y naranja, jugo naranja",,"2022-09-23 23:13:41",A,2,3,,0,
1842,El Padrino ,5500.0,"Whisky, amaretto, marrasquino ",,"2022-09-23 23:14:17",A,2,3,,0,
1843,Baileys,6000.0,"Baileys, hielo frappe ",,"2022-09-23 23:15:43",A,2,3,,0,
1844,Campari,5000.0,Bebida a elección ,,"2022-09-23 23:41:14",A,2,3,,0,
1845,Alexander ,5000.0,"Coñac, cacao, oporto, azúcar, salsa de chocolate",,"2022-09-23 23:41:44",A,2,3,,0,
1846,Amaretto Sour ,4500.0,"Amaretto, jugo de limón, azúcar",,"2022-09-23 23:42:12",A,2,3,,0,
1847,Vaina ,4500.0,"Coñac, cacao, oporto, azúcar, crema, canela ",,"2022-09-23 23:43:45",A,2,3,,0,
1848,Caipirinha ,5500.0,"Cachaza, limón de pica, azúcar flor, hielo frappe",,"2022-09-23 23:44:21",A,2,3,,0,
1849,Orgasmo,6500.0,"Baileys, kahlúa, amaretto, licor de cacao",,"2022-09-23 23:45:00",A,2,3,,0,
1850,After Eigth ,5500.0,"Licor de chocolate, licor de menta, crema ",,"2022-09-23 23:46:05",A,2,3,,0,
1851,Kir Royal ,5000.0,"Licor de Casis, espumante ",,"2022-09-23 23:47:40",A,2,3,,0,
1852,Jugo Frutilla ,4000.0,"Jugo de frutilla, hielo",,"2022-09-23 23:51:14",A,2,3,,0,
1853,Jugo Frambuesa,4000.0,"Jugo de frambuesa, hielo ",,"2022-09-23 23:51:59",A,2,3,,0,
1854,Jugo Naranja ,4000.0,"Jugo de naranja, hielo ",,"2022-09-23 23:52:36",A,2,3,,0,
1855,Jugo Piña ,4000.0,"Jugo de piña, hielo ",,"2022-09-24 00:35:49",A,2,3,,0,
1856,Jugo Mango ,4000.0,"Jugo de mango, hielo ",,"2022-09-24 00:36:36",A,2,3,,0,
1857,Jugo Chirimoya ,4000.0,"Jugo de chirimoya, hielo ",,"2022-09-24 00:37:07",A,2,3,,0,
1858,Shirley Temple ,4000.0,"Jugo naranja, ginger ale, granadina ",,"2022-09-24 00:37:38",A,2,3,,0,
1859,Virgen Cosmopolitan ,5000.0,"Arándanos, jugo de limón, jugo de naranja ",,"2022-09-24 00:38:08",A,2,3,,0,
1860,Mojito sin alcohol ,5000.0,"Jugo de limón, menta, azúcar, soda, hielo frappe ",,"2022-09-24 00:38:32",A,2,3,,0,
1861,Mojito frutilla sin alcohol ,5500.0,"Jugo frutilla, base mojito",,"2022-09-24 00:41:17",A,2,3,,0,
1862,Mojito frambuesa sin alcohol ,5500.0,"Jugo frambuesa, base mojito ",,"2022-09-24 00:42:55",A,2,3,,0,
1863,Mojito piña sin alcohol ,5500.0,"Jugo piña, base mojito ",,"2022-09-24 00:44:16",A,2,3,,0,
1864,Mojito maracuya sin alcohol ,5500.0,"Jugo piña, base mojito ",,"2022-09-24 00:44:44",A,2,3,"1",0,
1865,Mojito mango sin alcohol ,5500.0,"Jugo mango, base mojito ",,"2022-09-24 00:45:11",A,2,3,,0,
1866,Mojito chirimoya sin alcohol ,5500.0,"Jugo chirimoya, base mojito ",,"2022-09-24 00:45:39",A,2,3,,0,
1867,Caipirinha sin alcohol ,5000.0,"Limón de pica, azúcar flor, tónica, hielo frappe ",,"2022-09-24 00:46:08",A,2,3,,0,
1868,Frutilla Colada ,5000.0,"Crema, frutilla, coco rallado, coco lópez",,"2022-09-24 00:46:38",A,2,3,,0,
1869,Mango De Ligth ,4500.0,"Jugo de mango, crema, plátano ",,"2022-09-24 00:47:46",A,2,3,,0,
1870,Tropical Run  ,4500.0,"Piña colada, esencia de vainilla, plátano",,"2022-09-24 00:48:27",A,2,3,,0,
1871,Hawai Island ,4500.0,"Jugo de naranja, rodaja de piña, piña colada mix",,"2022-09-24 00:48:55",A,2,3,,0,
1872,Primavera sin alcohol ,4500.0,"Jugo de naranja, jugo de piña, granadina, durazno",,"2022-09-24 00:52:26",A,2,3,,0,
1873,Piña colada sin alcohol,4500.0,"Jugo de piña, crema, coco lópez, coco rallado ",,"2022-09-24 00:52:59",A,2,3,,0,
1874,Limonada con jengibre o menta,4500.0,"Mineral sin gas, jugo de limón, azúcar flor, jengibre o menta ",,"2022-09-24 00:53:26",A,2,3,,0,
1875,Coca cola ,2500.0,Bebida 350 cc,,"2022-09-24 00:55:30",A,2,3,,0,
1876,Coca cola ligth ,2500.0,Bebida 350cc,,"2022-09-24 01:04:26",A,2,3,,0,
1877,Sprite ,2500.0,Bebida 350cc,,"2022-09-24 01:14:59",A,2,3,,0,
1878,Fanta ,2500.0,Bebida 350cc,,"2022-09-24 01:15:27",A,2,3,,0,
1879,Fanta ,2500.0,Bebida 350cc,,"2022-09-24 02:37:18",A,2,3,,0,
1880,Tónica ,2500.0,Bebida 350cc,,"2022-09-24 02:39:55",A,2,3,,0,
1881,Canada Dry ,2500.0,Bebida 350cc,,"2022-09-24 02:40:37",A,2,3,,0,
1882,Mineral con gas ,2500.0,Agua con gas 350 cc,,"2022-09-24 02:41:22",A,2,3,,0,
1883,Mineral sin gas,2500.0,Agua mineral sin gas ,,"2022-09-24 02:41:56",A,2,3,,0,
1884,Red Bull ,3500.0,Energética ,,"2022-09-24 02:42:32",A,2,3,,0,
1885,Red Bull sin azúcar ,3500.0,Energética ,,"2022-09-24 02:52:54",A,2,3,,0,
1886,Kuntsman sin alcohol ,3500.0,Cerveza sin alcohol 330 cc ,,"2022-09-24 02:53:46",A,2,3,,0,
1887,Horcón Quemado ,5000.0,Bebida a elección ,,"2022-09-24 02:54:22",A,2,3,,0,
1888,Aperol,6000.0,"Aperol, espumante, hielo ",,"2022-09-24 02:54:58",A,2,3,,0,
1889,Ramazzotti ,6000.0,"Ramazzotti, espumante, hielo ",,"2022-09-24 02:55:39",A,2,3,,0,
1890,Mojito Piña ,6000.0,"Ron blanco, jugo piña, menta ",,"2022-09-24 02:56:12",A,2,3,,0,
1891,Mistral 35°,5000.0,Bebida a elección ,,"2022-09-24 02:56:53",A,2,3,,0,
1892,Mojito Chirimoya ,6000.0,"Ron blanco, jugo chirimoya, menta ",,"2022-09-24 02:57:27",A,2,3,,0,
1893,Mojito Mango ,6000.0,"Ron blanco, jugo de mango, menta ",,"2022-09-24 02:58:07",A,2,3,,0,
1894,Mojito Maracuya ,6000.0,"Ron blanco, jugo maracuya, menta ",,"2022-09-24 02:58:44",A,2,3,"2",0,
1895,Mojito Corona ,9500.0,"Base Mojito, cerveza corona ",,"2022-09-24 03:32:45",A,2,3,,0,
1896,Mojito Heineken ,9500.0,"Base Mojito, cerveza heineken",,"2022-09-24 03:33:20",A,2,3,,0,
1897,Mojito Kuntsmann Torobayo ,9500.0,"Base mojito, cerveza kuntsmann torobayo",,"2022-09-24 03:33:54",A,2,3,,0,
1898,Mojito Kuntsmann miel ,9500.0,"Base Mojito, cerveza kuntsmann miel ",,"2022-09-24 03:34:26",A,2,3,,0,
1899,Jagermeister,6000.0,"Jagermeister, coca cola ",,"2022-09-24 03:35:02",A,2,3,,0,
1900,Mojito Jaguermeister,7000.0,"Base mojito, jaguermeister",,"2022-09-24 03:35:33",A,2,3,,0,
1901,TABLA EMPANADAS,6500.0,"6 UNIDADES EMPANADAS DE QUESO 
6 UNIDADES EMPANADAS DE PINO",,"2022-09-24 03:43:23",I,1,3,,0,
1902,Frutilla Colada sin alcohol ,4500.0,"Crema, coco, jugo frutilla.",,"2022-09-25 00:16:03",A,2,3,,0,
1903,Frutilla colada sin alcohol,5000.0,"Crema, coco, jugo frutilla.",,"2022-09-25 00:18:49",A,2,2,"5",0,
1904,Mojito Frutilla ,6000.0,"Ron blanco, base mojito, jugo frutilla ",,"2022-10-01 23:11:01",A,2,3,,0,
1905,Mojito Frambuesa,6000.0,"Ron blanco, base mojito, jugo frambuesa",,"2022-10-01 23:11:38",A,2,3,,0,
1906,Verde Mostaza,5000.0,"Ron Blanco, Jugo Piña, Jugo Naranja, Limón de pica ",,"2022-10-02 00:41:02",A,2,3,,0,
1907,Café,1000.0,Café tradicional ,,"2022-10-02 01:03:22",A,1,3,,0,
1908,lomo saltado de carne,22.0,Lomo 350 gr + porción de arroz,,"2022-10-03 21:40:18",I,1,4,,0,
1909,Broaster con papas,1222.0,"",,"2022-10-07 21:39:11",I,1,4,"7",0,
1910,TRAGO 3,11.0,"",,"2022-10-07 21:47:23",I,2,4,"2",0,
1911,Mojito Maracuya,11.0,"",,"2022-10-07 21:47:38",I,2,4,,0,
1912,pisco sour,12.0,"",,"2022-10-07 21:47:59",I,2,4,,0,
1913,Lomo saltado de carne,10000.0,"",,"2022-10-07 21:48:52",I,1,4,"3",0,
1914,tallarin criollo de carne,3000.0,"",,"2022-10-07 21:49:11",I,1,4,"4",0,
1915,chaufa de pollo,11.0,"",,"2022-10-07 21:49:34",I,1,4,"2",0,
1916,Coca Zero,2500.0,Bebida 350 cc,,"2022-10-15 01:26:17",A,2,3,,0,
1917,TABLA VEGETARIANA ,10.0,"Fondos de alcachofas, aceitunas negras y sevillanas, pepinillos, champiñones, quesillo, tomate cherry, palmitos, galletas de cocktail.",,"2022-10-15 01:34:28",A,1,3,,0,
1918,Mojito ,6000.0,"Ron blanco, hielo frappe, menta, jugo limón, azúcar, soda",,"2022-10-15 01:37:20",A,2,3,,0,
1919,Mojito Bacardi Manzana ,7000.0,Sabores: Manzana ,,"2022-10-15 02:02:32",A,2,3,,0,
1920,Mojito Bacardi Orange ,7000.0,Sabores Orange ,,"2022-10-15 02:03:13",A,2,3,,0,
1921,Mojito Bacardi Limón,7000.0,Sabores: Limón,,"2022-10-15 02:03:49",A,2,3,,0,
1922,Daikiri  Frutilla ,5000.0,"Ron blanco, jugo frutilla ",,"2022-10-15 23:54:30",A,2,3,,0,
1923,Daikiri Mango ,5000.0,"Ron blanco, jugo de mango ",,"2022-10-15 23:54:57",A,2,3,,0,
1924,Daikiri Frambuesa ,5000.0,"Ron blanco, jugo frambuesa.",,"2022-10-15 23:59:57",A,2,3,,0,
1925,Daikiri Piña ,5000.0,"Ron blanco, jugo de piña.",,"2022-10-16 00:00:34",A,2,3,,0,
1926,BALLENTINES 6 AÑOS ,6000.0,BEBIDA A ELECCIÓN ,,"2022-10-21 22:52:02",A,2,3,,0,
1927,Misiones de Rengo Carmenere ,12000.0,Botella  750 cc,,"2022-10-22 23:56:03",I,2,2,,0,
1928,CASILLERO DEL DIABLO CABERNET SAUVIGNON,12000.0,BOTELLA 750 CC,,"2022-10-29 01:36:56",A,2,3,,0,
1929,Ruso Blanco,6000.0,"",,"2022-10-29 10:54:50",A,2,1,"5",0,
1930,Old fashioned,5500.0,"",,"2022-10-29 10:55:35",A,2,1,"4",0,
1931,Pichuncho,4500.0,"",,"2022-10-29 11:54:47",I,2,1,,0,
1932,Negroni,5500.0,"",,"2022-10-29 11:55:13",A,2,1,"3",0,
1933,Toasted Almond,6000.0,"",,"2022-10-29 11:55:55",A,2,1,"2",0,
1934,Tom Collin´s,6000.0,"",,"2022-11-02 09:55:11",A,2,1,"1",0,
1935,Tom Collin´s,5000.0,undefined,,"2022-11-02 12:00:47",I,2,1,,0,
1936,MICHELADA KUNSTMANN TOROBAYO,4000.0,"CERVEZA KUNSTMANN TOROBAYO, LIMÓN, SAL",,"2022-11-12 03:48:23",A,2,3,,0,
1937,MUCHELADA KUNSTMANN MIEL,4000.0,"CERVEZA KUNSTMAN MIEL, LIMÓN Y SAL",,"2022-11-12 03:48:58",A,2,3,,0,
1938,Araucano,2000.0,"",,"2022-11-12 16:54:52",A,2,1,,0,
1939,Menta,1500.0,"",,"2022-11-12 16:56:48",A,2,1,,0,
1940,Manzanilla,1500.0,"",,"2022-11-12 16:57:11",A,2,1,,0,
1941,Amaretto,1500.0,"",,"2022-11-12 16:57:35",A,2,1,,0,
1942,MICHELADA KUNSTMANN SIN ALCOHOL,4000.0,"CERVEZA KUNSTMANN SIN ALCOHOL, LIMÓN, SAL ",,"2022-11-13 00:19:29",A,2,3,,0,
1943,MICHELADA CORONA,4000.0,"CERVEZA CORONA, JUGO DE LIMÓN, SAL",,"2022-11-13 00:39:40",A,2,2,,0,
1944,MICHELADA KUNSTMANN TOROBAYO ,4000.0,"CERVEZA KUNSTMANN TOROBAYO, JUGO DE LIMÓN, SAL",,"2022-11-13 00:40:17",A,2,2,,0,
1945,MICHELADA HEINEKEN,4000.0,"CERVEZA HEINEKEN, JUGO DE LIMÓN, SAL",,"2022-11-13 00:40:52",A,2,2,,0,
1946,MICHELADA KUNSTMANN MIEL,4000.0,"CERVEZA KUNSTMANN MIEL, JUGO DE LIMÓN, SAL",,"2022-11-13 00:41:23",A,2,2,,0,
1947,MICHELADA KUNSTMANN SIN ALCOHOL ,4000.0,"CERVEZA KUNSTMANN SIN ALCOHOL, JUGO DE LIMÓN, SAL ",,"2022-11-13 00:41:57",A,2,2,,0,
1948,MICHELADA HEINEKEN,4000.0,"CERVEZA HEINEKEN, JUGO DE LIMÓN, SAL ",,"2022-11-13 01:16:21",A,2,3,,0,
1949,Ñoquis de la Nonna,13000.0,"",,"2022-11-19 11:20:54",A,1,1,"16",1,
1950,BOTELLÍN ESPUMANTE ,5000.0,BOTELLÍN ESPUMANTE BRUT 185.7 CC ,,"2022-11-20 00:53:41",A,2,3,"4",0,
1951,MISIONES DE RENGO CARMENERE ,12000.0,BOTELLA DE VINO MISIONES DE RENGO CARMENERE 750CC,,"2022-11-20 00:56:04",A,2,3,,0,
1952,MICHELADA CORONA,4000.0,"JUGO DE LIMÓN, SAL, CERVEZA CORONA",,"2022-11-20 02:51:27",A,2,3,,0,
1953,CARMEN MARGAUX CARMENERE,10000.0,BOTELLA 750 CC,,"2022-11-27 00:19:47",A,2,3,,0,
1954,Mojito Chivas ,12000.0,"Base mojito, Whisky Chivas Regal",,"2022-12-02 23:24:07",A,2,2,"2",0,
1955,Mojito Honey ,12000.0,"Base Mojito, Whisky Jack Daniels Honey",,"2022-12-02 23:45:26",A,2,2,"1",0,
1956,Mojito Espumante ,9500.0,"Base Mojito, botellín espumante",,"2022-12-03 00:12:14",A,2,2,,0,
1957,Leche de Tigre,6900.0,"",,"2022-12-04 21:59:27",A,1,6,,0,
1958,Ceviche Mixto el Encuentro,12900.0,"",,"2022-12-04 21:59:49",A,1,6,,0,
1959,Ceviche de Pescado,12800.0,"",,"2022-12-04 22:00:34",A,1,6,,0,
1960,Causa de pollo,5900.0,"",,"2022-12-04 22:01:17",A,1,6,,0,
1961,Causa de camarones,8100.0,"",,"2022-12-04 22:01:31",A,1,6,,0,
1962,Chicharrón de pescado,9800.0,"",,"2022-12-04 22:01:53",A,1,6,,0,
1963,Chicharrón de calamares,8400.0,"",,"2022-12-04 22:02:21",A,1,6,,0,
1964,Chicharrón de pollo,7900.0,"",,"2022-12-04 22:02:44",A,1,6,,0,
1965,Jalea al Encuentro,11900.0,"",,"2022-12-04 22:02:57",A,1,6,,0,
1966,Pulpo al olivo,9900.0,"",,"2022-12-04 22:03:12",A,1,6,,0,
1967,Papa a la huancaina,5100.0,"",,"2022-12-04 22:03:31",A,1,6,,0,
1968,Coctel de camarones,16000.0,"",,"2022-12-04 22:03:55",A,1,6,,0,
1969,Causa acevichada,8900.0,"",,"2022-12-04 22:04:50",A,1,6,,0,
1970,Causa vegetariana,4500.0,"",,"2022-12-04 22:05:07",A,1,6,,0,
1971,Arroz con Mariscos,11200.0,"",,"2022-12-04 22:44:29",A,1,6,,0,
1972,Arroz con Camarones,12900.0,"",,"2022-12-04 22:44:41",A,1,6,,0,
1973,Chaufa de Pollo,8200.0,"",,"2022-12-04 22:44:55",A,1,6,,0,
1974,Chaufa de Carne,9900.0,"",,"2022-12-04 22:45:05",A,1,6,,0,
1975,Chaufa de Mariscos,11200.0,"",,"2022-12-04 22:45:28",A,1,6,,0,
1976,Chaufa 3 sabores,10900.0,"",,"2022-12-04 22:45:48",A,1,6,,0,
1977,Spaguetti salteado de Carne,10900.0,"",,"2022-12-04 22:45:57",A,1,6,,0,
1978,Spaguetti en salsa de camarones,10900.0,"",,"2022-12-04 22:46:10",A,1,6,,0,
1979,Spaguetti salteado con Pollo,8900.0,"",,"2022-12-04 22:46:52",A,1,6,,0,
1980,Spaguetti salteado con Mariscos,9700.0,"",,"2022-12-04 22:47:04",A,1,6,,0,
1981,Spaguetti 3 sabores,11200.0,"",,"2022-12-04 22:47:14",A,1,6,,0,
1982,Lomo Saltado,11900.0,"",,"2022-12-04 22:47:25",A,1,6,,0,
1983,Seco de res,9500.0,"",,"2022-12-04 22:47:36",A,1,6,,0,
1984,Reineta a lo macho,12400.0,"",,"2022-12-04 22:47:47",A,1,6,,0,
1985,Reineta Rellena con Camarones,12900.0,"",,"2022-12-04 22:48:02",A,1,6,,0,
1986,Ají de Gallina,8900.0,"",,"2022-12-04 22:48:13",A,1,6,,0,
1987,Tacu Tacu con mariscos,10400.0,"",,"2022-12-04 22:48:25",A,1,6,,0,
1988,Tacu Tacu con lomo,12900.0,"",,"2022-12-04 22:48:37",A,1,6,,0,
1989,Tacu Tacu con Salmón,13200.0,"",,"2022-12-04 22:48:48",A,1,6,,0,
1990,Suprema de Pollo,8900.0,"",,"2022-12-04 22:49:01",A,1,6,,0,
1991,Pollo Cordon Blue,9400.0,"",,"2022-12-04 22:49:11",A,1,6,,0,
1992,Milanesa de Carne,10400.0,"",,"2022-12-04 22:49:23",A,1,6,,0,
1993,Filete a lo Macho,13900.0,"",,"2022-12-04 22:49:49",A,1,6,,0,
1994,Filete en salsa de Camarones,13900.0,"",,"2022-12-04 22:49:59",A,1,6,,0,
1995,Filete Mar y Tierra,14200.0,"",,"2022-12-04 22:50:13",A,1,6,,0,
1996,Arroz con Calamares,9900.0,"",,"2022-12-04 22:50:24",A,1,6,,0,
1997,Risotto de Camarones,13900.0,"",,"2022-12-04 22:50:38",A,1,6,,0,
1998,Reineta a la Limeña,13400.0,"",,"2022-12-04 22:50:50",A,1,6,,0,
1999,Reineta a la Florentina,13600.0,"",,"2022-12-04 22:51:00",A,1,6,,0,
2000,Corvina a lo Macho,13500.0,"",,"2022-12-04 23:00:55",A,1,6,,0,
2001,Corvina al gratin con Camarones,13900.0,"",,"2022-12-04 23:01:10",A,1,6,,0,
2002,Salmón al gratin con Camarones,14000.0,"",,"2022-12-04 23:01:28",A,1,6,,0,
2003,Salmón a lo Macho,13900.0,"",,"2022-12-04 23:01:54",A,1,6,,0,
2004,Pescado en salsa de Camarones,12900.0,"",,"2022-12-04 23:02:15",A,1,6,,0,
2005,Filete Migno,13200.0,"",,"2022-12-04 23:02:26",A,1,6,,0,
2006,Tallarin a la Huancaina con Lomo saltado,10900.0,"",,"2022-12-04 23:02:57",A,1,6,,0,
2007,Chaufa vegetariano,6900.0,"",,"2022-12-04 23:03:08",A,1,6,,0,
2008,Picante de camarones,12000.0,"",,"2022-12-04 23:03:22",A,1,6,,0,
2009,Picante de mariscos,10200.0,"",,"2022-12-04 23:03:33",A,1,6,,0,
2010,Reineta a la plancha,9900.0,"",,"2022-12-04 23:03:45",A,1,6,,0,
2011,Reineta al gratin con Camarones,12900.0,"",,"2022-12-04 23:03:57",A,1,6,,0,
2012,Salmón al encuentro,13200.0,"",,"2022-12-04 23:04:07",A,1,6,,0,
2013,Spaguetti a lo Alfredo,9100.0,"",,"2022-12-04 23:04:19",A,1,6,,0,
2014,Lomo a lo pobre,12900.0,"",,"2022-12-04 23:04:32",A,1,6,,0,
2015,Lomo sabores al Encuentro,12100.0,"",,"2022-12-04 23:05:18",A,1,6,,0,
2016,Pechuga a la plancha,8400.0,"",,"2022-12-04 23:05:33",A,1,6,,0,
2017,Camarones salteados,12900.0,"",,"2022-12-04 23:05:46",A,1,6,,0,
2018,Parihuela (personal),9900.0,"",,"2022-12-04 23:09:15",A,1,6,,0,
2019,Sudado de Pescado (personal),9700.0,"",,"2022-12-04 23:09:27",A,1,6,,0,
2020,Chupe de Camarones,10300.0,"",,"2022-12-04 23:09:38",I,1,6,,0,
2021,Sopa a la minuta,5200.0,"",,"2022-12-04 23:09:50",A,1,6,,0,
2022,Sopa a la Criolla,6300.0,"",,"2022-12-04 23:10:01",A,1,6,,0,
2023,Dieta de Pollo,5100.0,"",,"2022-12-04 23:10:12",A,1,6,,0,
2024,Chupe de Pescado,7200.0,"",,"2022-12-04 23:10:23",A,1,6,,0,
2025,Parihuela fuente,16500.0,"",,"2022-12-04 23:10:35",I,1,6,,0,
2026,Porción de PAPAS COCIDAS,1000.0,"",,"2022-12-04 23:11:54",A,4,6,,0,
2027,Porción de PAPAS FRITAS,3000.0,"",,"2022-12-04 23:12:04",A,1,6,,0,
2028,Porción ENSALADAS,2500.0,"",,"2022-12-04 23:12:21",A,1,6,,0,
2029,Porción de YUCAS,3500.0,"",,"2022-12-04 23:12:36",A,1,6,,0,
2030,Porción de ARROZ,1500.0,"",,"2022-12-04 23:12:47",A,1,6,,0,
2031,Porción de CAMOTE,2200.0,"",,"2022-12-04 23:12:58",A,1,6,,0,
2032,Porción de CANCHA,1500.0,"",,"2022-12-04 23:13:09",A,1,6,,0,
2033,Porción de CHOCLO PERUANO,2200.0,"",,"2022-12-04 23:13:18",A,1,6,,0,
2034,INKA KOLA 1500 cc,4900.0,"",,"2022-12-04 23:15:27",A,1,6,"1",0,
2035,INKA KOLA 450 cc,2990.0,"",,"2022-12-04 23:15:37",A,1,6,,0,
2036,COCA COLA 1000 cc,2500.0,"",,"2022-12-04 23:15:46",A,1,6,,0,
2037,COCA COLA 1500 cc,4000.0,"",,"2022-12-04 23:15:56",A,1,6,"1",0,
2038,COCA COLA 350 cc,2100.0,"",,"2022-12-04 23:16:06",A,1,6,,0,
2039,FANTA 350 cc,2100.0,"",,"2022-12-04 23:16:16",A,1,6,,0,
2040,FANTA 1000 cc,2500.0,"",,"2022-12-04 23:16:28",A,1,6,,0,
2041,FANTA 1500 cc,4000.0,"",,"2022-12-04 23:16:41",A,1,6,"2",0,
2042,SPRITE 1000 cc,2500.0,"",,"2022-12-04 23:16:54",A,1,6,,0,
2043,SPRITE 1500 cc,4000.0,"",,"2022-12-04 23:17:08",A,1,6,"4",0,
2044,SPRITE 350 cc,2100.0,"",,"2022-12-04 23:17:17",A,1,6,,0,
2045,NECTAR 350 cc,2100.0,"",,"2022-12-04 23:17:30",A,1,6,,0,
2046,AGUA MINERAL 350 cc,1500.0,"",,"2022-12-04 23:17:40",A,1,6,,0,
2047,NORDIC,2100.0,"",,"2022-12-04 23:17:50",A,1,6,,0,
2048,BEBIDAS LIGTH,2100.0,"",,"2022-12-04 23:18:01",A,1,6,,0,
2049,PISCO SOUR,4500.0,"",,"2022-12-04 23:20:16",A,1,6,,0,
2050,PISCO SOUR CATEDRAL,6900.0,"",,"2022-12-04 23:20:26",A,1,6,,0,
2051,MANGO SOUR,4900.0,"",,"2022-12-04 23:20:36",A,1,6,,0,
2052,MARACUYA SOUR,4900.0,"",,"2022-12-04 23:20:47",A,1,6,,0,
2053,ALGARROBINA,4200.0,"",,"2022-12-04 23:20:57",A,1,6,,0,
2054,PIÑA COLADA,4200.0,"",,"2022-12-04 23:21:07",A,1,6,,0,
2055,WISKY SOUR RED LABEL,4900.0,"",,"2022-12-04 23:21:19",A,1,6,,0,
2056,CHILCANO,4200.0,"",,"2022-12-04 23:21:29",A,1,6,,0,
2057,MOJITO,4500.0,"",,"2022-12-04 23:21:42",A,1,6,,0,
2058,CAIPIRINHA,4400.0,"",,"2022-12-04 23:21:52",A,1,6,,0,
2059,VAINA,3500.0,"",,"2022-12-04 23:22:02",A,1,6,,0,
2060,FRUTILLA SOUR,4900.0,"",,"2022-12-04 23:22:11",A,1,6,,0,
2061,MANGO SOUR CATEDRAL,7200.0,"",,"2022-12-04 23:22:21",A,1,6,,0,
2062,MARACUYA SOUR CATEDRAL,7200.0,"",,"2022-12-04 23:22:32",A,1,6,,0,
2063,MOJITO CORONA,5800.0,"",,"2022-12-04 23:22:44",A,1,6,,0,
2064,CUSQUEÑA RUBIA 350 cc,2400.0,"",,"2022-12-04 23:24:57",A,1,6,,0,
2065,CUSQUEÑA NEGRA 350cc,2800.0,"",,"2022-12-04 23:25:06",A,1,6,,0,
2066,CORONA 355 ml,2400.0,"",,"2022-12-04 23:25:17",A,1,6,,0,
2067,HEINEKEN 350cc,2300.0,"",,"2022-12-04 23:25:27",A,1,6,,0,
2068,KUSTMAN,2900.0,"",,"2022-12-04 23:25:35",A,1,6,,0,
2069,Heineken Litro,4900.0,"",,"2022-12-04 23:25:49",A,1,6,,0,
2070,Royal Litro,4900.0,"",,"2022-12-04 23:26:01",A,1,6,,0,
2071,Estrella Artois Litro,4500.0,"",,"2022-12-04 23:27:48",A,1,6,,0,
2072,Cristal Litro,4400.0,"",,"2022-12-04 23:28:00",A,1,6,,0,
2073,Cuzqueña Trigo (650 ml),4500.0,"",,"2022-12-04 23:28:10",A,1,6,,0,
2074,Cuzqueña Negra (650 ml),4600.0,"",,"2022-12-04 23:28:20",A,1,6,,0,
2075,Cuzqueña Rubia (650 ml),4200.0,"",,"2022-12-04 23:28:31",A,1,6,,0,
2076,Pilsen Callao (650 ml),4200.0,"",,"2022-12-04 23:28:43",A,1,6,,0,
2077,Pilsen Trujillo (650 ml),4000.0,"",,"2022-12-04 23:28:54",A,1,6,,0,
2078,Kunstmann chop (500 ml),3000.0,"",,"2022-12-04 23:29:05",A,1,6,,0,
2079,Heineken chop (500 ml),2000.0,"",,"2022-12-04 23:29:14",A,1,6,,0,
2080,Copa de vino,2500.0,"",,"2022-12-04 23:29:25",I,1,6,,0,
2081,Santa emiliana (Blanco 3/4),6900.0,"",,"2022-12-04 23:29:39",I,1,6,,0,
2082,Santa emiliana (Tinto 3/4),7490.0,"",,"2022-12-04 23:29:52",A,1,6,,0,
2083,SUSPIRO LIMEÑO,2500.0,"",,"2022-12-04 23:32:15",A,1,6,,0,
2084,CREMA VOLTEADA,2500.0,"",,"2022-12-04 23:32:27",A,1,6,,0,
2085,TORTA 3 LECHES,2500.0,"",,"2022-12-04 23:32:43",A,3,6,,0,
2086,HELADO 3 SABORES,3000.0,"",,"2022-12-04 23:32:58",A,3,6,,0,
2087,LECHE ASADA,2500.0,"",,"2022-12-04 23:33:11",A,1,6,,0,
2088,MOUSSE DE MARACUYÁ,2500.0,"",,"2022-12-04 23:33:23",A,3,6,,0,
2089,JUGO DE MARACUYÁ,3800.0,"",,"2022-12-04 23:34:48",A,1,6,,0,
2090,JUGO DE PAPAYA,3500.0,"",,"2022-12-04 23:34:57",A,1,6,,0,
2091,JUGO DE MANGO,3500.0,"",,"2022-12-04 23:35:07",A,1,6,,0,
2092,JUGO ALIADO,4000.0,"",,"2022-12-04 23:35:17",A,1,6,,0,
2093,JUGO DE FRUTILLA,3500.0,"",,"2022-12-04 23:35:28",A,1,6,,0,
2094,JUGO DE CHIRIMOYA,3500.0,"",,"2022-12-04 23:35:37",A,1,6,,0,
2095,JUGO DE FRAMBUESA,3500.0,"",,"2022-12-04 23:35:47",A,1,6,,0,
2096,JUEGO DE PIÑA,3500.0,"",,"2022-12-04 23:35:57",A,1,6,,0,
2097,CHICHA MORADA 1L,7000.0,"",,"2022-12-04 23:36:09",A,1,6,"1",0,
2098,LIMONADA FROZEN MENTA,3300.0,"",,"2022-12-04 23:36:19",A,1,6,,0,
2099,LIMONADA FROZEN JENGIBRE,2800.0,"",,"2022-12-04 23:36:30",A,1,6,,0,
2100,LIMONADA FROZEN MENTA JENGIBRE,3400.0,"",,"2022-12-04 23:36:39",A,1,6,,0,
2101,LIMONADA 1 LT,5100.0,"",,"2022-12-04 23:36:49",A,1,6,,0,
2102,LIMONADA 1LT MENTA,5100.0,"",,"2022-12-04 23:37:01",A,1,6,,0,
2103,LIMONADA 1LT JENGIBRE,5100.0,"",,"2022-12-04 23:37:10",A,1,6,,0,
2104,LIMONADA 1LT MENTA JENGIBRE,5100.0,"",,"2022-12-04 23:37:20",A,1,6,,0,
2105,LIMONADA FROZEN,2800.0,"",,"2022-12-04 23:37:30",A,1,6,,0,
2106,TE MATE DE COCA,1200.0,"",,"2022-12-04 23:40:12",A,1,6,,0,
2107,MATE DE COCA,1200.0,"",,"2022-12-04 23:40:22",A,1,6,,0,
2108,AGUA DE HIERBAS,1100.0,"",,"2022-12-04 23:40:33",A,1,6,,0,
2109,ESPRESSO,1500.0,"",,"2022-12-04 23:42:46",A,1,6,,0,
2110,Americano,1500.0,"",,"2022-12-04 23:42:56",A,1,6,,0,
2111,Cortado,1800.0,"",,"2022-12-04 23:43:09",A,1,6,,0,
2112,Capuchino,1500.0,"",,"2022-12-04 23:43:19",A,1,6,,0,
2113,Jalea fuente especial,31200.0,"",,"2022-12-04 23:44:52",A,1,6,,0,
2114,Jalea fuente,24200.0,"",,"2022-12-04 23:45:02",A,1,6,,0,
2115,Piqueo marino con jalea familiar,32900.0,"",,"2022-12-04 23:45:14",A,1,6,,0,
2116,Piqueo marino con jalea,26200.0,"",,"2022-12-04 23:45:26",A,1,6,,0,
2117,Piqueo Marino con chicharrón de pescado,28200.0,"",,"2022-12-04 23:45:43",A,1,6,,0,
2118,Ceviche mixto fuente,26400.0,"",,"2022-12-04 23:45:59",A,1,6,,0,
2119,Ceviche mixto familiar,32400.0,"",,"2022-12-04 23:46:11",A,1,6,,0,
2120,"Duo criollo (ají de gallina, lomo saltado)",21000.0,"",,"2022-12-04 23:46:21",A,1,6,,0,
2121,"Duo Marino (Arroz con mariscos, Chaufa de mariscos)",21900.0,"",,"2022-12-04 23:46:39",A,1,6,,0,
2122,Michelada Kunstman Miel ,4000.0,"Cerveza Kunstman Miel, Limón y Sal",,"2022-12-10 23:23:34",A,2,3,,0,
2123,Parihuela personal,11900.0,"",,"2022-12-31 12:32:39",A,1,6,,0,
2124,Sudado de pescado,10900.0,"",,"2022-12-31 12:33:07",A,1,6,,0,
2125,Chupe de camarones,12000.0,"",,"2022-12-31 12:33:26",A,1,6,,0,
2126,Sopa a la minuta,6900.0,"",,"2022-12-31 12:33:48",A,1,6,,0,
2127,Sopa criolla,7800.0,"",,"2022-12-31 12:34:04",A,1,6,,0,
2128,Dieta de pollo,6200.0,"",,"2022-12-31 12:34:17",A,1,6,,0,
2129,Chupe de pescado,9200.0,"",,"2022-12-31 12:34:38",A,1,6,,0,
2130,Parihuela fuente,18900.0,"",,"2022-12-31 12:34:55",A,1,6,,0,
2131,Mojito Bacardi Mango ,7000.0,"Base mojito (menta, limón, azúcar flor), hielo frappe,  bacardi sabores mango.",,"2023-01-06 23:53:51",A,2,3,,0,
2132,TÉ,1000.0,"",,"2023-01-14 22:50:30",A,2,3,,0,
2133,CAFÉ,1000.0,"",,"2023-01-14 22:50:59",A,4,3,,0,
2134,BOTELLIN VINO TINTO ,5000.0,BOTELLÍN 187 CC,,"2023-01-14 23:57:13",A,2,2,"17",0,
2135,Puré,2500.0,"",,"2023-01-15 13:41:26",A,1,1,,0,
2136,Asado de Tira,13000.0,"",,"2023-01-15 13:56:00",I,1,1,,0,
2137,Arrollado ,12500.0,"",,"2023-01-15 13:56:24",I,1,1,,0,
2138,prueba,1111.0,asd,,"2023-01-19 12:07:24",A,3,4,,0,
2139,prueba 2,2212.0,ddd,,"2023-01-19 12:07:53",A,4,4,,0,
2140,aa,11.0,d,,"2023-01-19 12:08:10",A,3,4,,0,
2141,dasd,122.0,ddd,,"2023-01-19 12:08:43",A,4,4,,0,
2142,mojito 2,122.0,asdasd,,"2023-01-19 12:27:40",A,2,4,,0,
2143,asdads,12.0,sss,,"2023-01-19 12:29:49",A,3,4,,0,
2144,aaa,12.0,asdasd,,"2023-01-19 12:39:01",A,2,4,,0,
2145,prueba,11.0,ddd,,"2023-01-19 12:39:29",A,2,4,,0,
2146,dddd,12.0,ddd,,"2023-01-19 12:40:09",A,4,4,,0,
2147,ddd,12.0,"",,"2023-01-19 12:41:06",A,4,4,,0,
2148,asd,12.0,asdasd,,"2023-01-19 12:41:26",A,4,4,,0,
2149,nuevo12,12.0,"",,"2023-01-19 12:42:10",A,4,4,,0,
2150,tekila,123.0,asdasdas,,"2023-01-19 12:43:18",A,2,4,,0,
2151,prueba,1231.0,ddd,,"2023-01-19 12:44:13",I,1,4,"6",0,
2152,PLATO DEMANDANDO 2,123.0,asdasd,,"2023-01-19 12:45:29",I,1,4,"2",1,
2153,PLATO 3,12.0,asdasd,,"2023-01-19 13:29:27",I,4,4,"12",0,
2154,PLATO 2,123.0,asdasd,,"2023-01-19 13:30:20",I,4,4,"3",0,
2155,test,123.0,asdasd,,"2023-01-19 13:33:16",I,4,4,,0,
2156,sd,111.0,asd,,"2023-01-19 13:34:36",I,4,4,"4",0,
2157,testing,123.0,asd,,"2023-01-19 14:02:21",I,1,4,"1",0,
2158,PLATO DEMANDADO 3,123.0,asdasdasd,,"2023-01-19 14:03:40",I,1,4,"4",1,
2159,PLATO DEMANDADO,123.0,"",,"2023-01-19 14:04:15",I,1,4,"1",1,
2160,prueba 6,123.0,asdadasd,,"2023-01-19 14:09:44",I,2,4,,0,
2161,prueba 6,12.0,"",,"2023-01-19 14:14:46",I,4,4,,0,
2162,prueba,122.0,"",,"2023-01-19 15:12:24",I,2,4,"1",0,
2163,Papas Fritas Familiar,5500.0,"",,"2023-01-20 14:04:14",A,1,1,null,0,
2164,Churrasco  Italiano ,5000.0,"",,"2023-01-21 20:36:47",A,1,1,"1",0,
2165,TABLA VEGETARIANA ,12000.0,"Fondos de alcachofas, aceitunas negras, aceitunas sevillanas, champiñones, tomate cherry, palmitos, quesillo, galletas de cocktail.",,"2023-01-21 23:28:00",A,1,3,"1",0,
2166,Mojito Cubano,6000.0,"",,"2023-01-22 13:14:54",I,2,1,"7",0,
2167,Mojito Cubano ,6000.0,"",,"2023-01-22 13:19:51",A,2,1,"1",0,
2168,Limonada,3500.0,"",,"2023-01-22 13:40:44",A,2,1,"1",0,
2169,Jarra de Limonada,6500.0,"",,"2023-01-22 13:43:06",A,2,1,"3",0,
2170,Asado de Tira,14000.0,"",,"2023-01-22 13:44:51",I,1,1,"5",0,
2171,Puré de papas,2500.0,"",,"2023-01-22 13:46:04",A,1,1,"6",0,
2172,mojito 1,122.0,asdasd,,"2023-01-23 20:15:59",I,1,4,"1",0,
2173,PLATO 1,2999.0,"",,"2023-01-23 22:56:27",I,4,4,"2.5",0,
2174,Porotos Granados,10000.0,"",,"2023-01-24 13:14:08",A,1,1,"15",1,
2175,Chupe de Guatitas,12000.0,"",,"2023-01-24 13:16:03",A,1,1,"14",1,
2176,prueba,11000.0,asdasd,,"2023-01-31 08:00:01",I,2,4,"1",0,
2177,Asado de Tira,17000.0,"",,"2023-02-02 17:49:25",A,1,1,"8",0,
2178,Arrollado de Huaso ,14000.0,"",,"2023-02-05 12:43:19",A,1,1,"9",0,
2179,Mojito Cerveza,7000.0,"",,"2023-02-09 17:44:02",A,2,1,"8",0,
2180,Posrte 1,1000.0,"",,"2023-02-09 20:45:44",I,3,4,"1",0,
2181,Postre 2,1000.0,"",,"2023-02-09 20:45:54",I,3,4,"2",0,
2182,Postre 3,1000.0,"",,"2023-02-09 20:46:06",I,3,4,"3",0,
2183,Pisco Sour,15.0,"",,"2023-02-09 20:47:25",A,2,4,"1",0,
2184,TRAGO 2,1000.0,"",,"2023-02-09 20:47:39",I,2,4,"2",0,
2185,TRAGO 4,2000.0,"",,"2023-02-09 20:48:31",I,2,4,"3",0,
2186,Cazuela Trifásica,22000.0,"",,"2023-02-11 14:38:38",A,1,1,"12",0,
2187,PLATO DEMANDANDO 4,3000.0,PLATO DEMANDNADO!!!,,"2023-02-11 17:42:45",I,1,4,"4",1,
2188,Copa de Helado Simple,2500.0,"",,"2023-02-12 16:54:59",A,3,1,"1",0,
2189,Trilogías de Postres,4000.0,"",,"2023-02-16 13:31:27",A,3,1,"3",0,
2190,Daiquirí ,5500.0,"",,"2023-02-23 15:35:42",A,2,1,"10",0,
2191,Raviolones  con Carne Mechada y Salsa de Queso Roquefort ,14000.0,"",,"2023-02-24 21:40:31",A,1,1,"17",1,
2192,Café di Amore  Doña Anita,2000.0,"",,"2023-02-24 21:47:49",A,3,1,"2",0,
2193,MOJITO ESPUMANTE ,9500.0,"BASE MOJITO, BOTELLÍN ESPUMANTE",,"2023-03-04 23:18:40",A,2,3,"5",0,
2194,Pollo Broaster ,14000.0,"",,"2023-03-18 15:28:12",A,1,1,"10",0,
2195,Pera Borracha,3000.0,"",,"2023-03-18 15:35:05",A,3,1,"1",0,
2196,Strudel de Pera con helado ,4000.0,"",,"2023-03-18 15:35:39",A,3,1,"2",0,
2197,Tiramisu,6.0,"",,"2023-03-18 22:14:27",I,3,4,"4",0,
2198,Torta Amor,6000.0,"",,"2023-03-31 16:42:45",A,3,1,"1",0,
2199,Entraña de  Ternera albardada ,17000.0,"",,"2023-04-02 14:22:55",A,1,1,"23",0,
2200,Salmón Profumo ,15000.0,"",,"2023-04-07 14:56:23",A,1,1,"21",0,
2201,Raviolón relleno con  Espinaca a La Crema en salsa 4 Quesos,14000.0,"",,"2023-04-07 15:02:40",A,1,1,"19",1,
2202,TABLA MIX QUESO,21000.0,"Queso fundo,queso crema, aceituna negra, aceitunas sevillanas, jamón serrano, salame, tostadas.",,"2023-04-14 23:38:36",A,4,3,"2",0,
2203,TABLA CARNIVORA ,21000.0,"TABLA DE CARNES, POLLO SALTEADO, CARNE ASIENTO, ARROLLADO HUASO, TOCINO, SOPAIPILLAS DE CÓCTEL, LONGANIZAS, AROS DE CEBOLLA, CONDIMENTADO CON SAL, PIMIENTA, ACEITE DE OLIVA, POCILLO DE SALSA. ",,"2023-04-15 00:02:57",I,4,3,"3",0,
2204,EMPANADAS ,7500.0,"6 UNIDADES EMPANADAS DE QUESO,
6 UNIDADES EMPANADAS DE PINO",,"2023-04-15 00:08:54",A,4,3,"1",0,
2205,ACEITUNAS Y QUESO ,7000.0,"ACEITUNAS NEGRAS Y SEVILLANAS, QUESO EN CUBOS Y GALLETAS DE COCTEL",,"2023-04-15 00:10:42",A,4,3,"2",0,
2206,Caja de aluminio ,500.0,"",,"2023-04-15 17:14:08",A,3,1,"2",0,
2207,PAPAS RUSTICAS CHEDDAR,13000.0,"PAPAS RUSTICAS, QUESO CHEDDAR, TOCINO, CEBOLLIN, POCILLO SALSA - PARA 2 PERSONAS",,"2023-04-21 23:39:41",A,4,3,"4",1,
2208,"Queneles de Risotto (Pesto, Oliva y Atomatado)",3000.0,"",,"2023-04-23 15:14:56",A,1,1,"1",0,
2209,TABLA PAPAS MIX,17000.0,"PAPAS RUSTICAS CON SALSA DE QUESO CHEDDAR, CARNE DE VACUNO SALTEADA Y POLLO.",,"2023-05-06 23:41:55",A,4,3,"8",0,
2210,CLAVO OXIDADO CHIVAS REGAL,7500.0,"DRAMBUI, CHIVAS REGAL 12 AÑOS, HIELO, MARRASQUINO",,"2023-05-07 00:22:30",A,2,3,"1",0,
2211,La Burger,9500.0,"",,"2023-05-13 20:42:40",A,1,1,"3",1,
2212,Raviolones con Carne Mechada y Salsa Pomodoro,14000.0,"",,"2023-05-13 21:47:27",A,1,1,"18",1,
2213,Tomaticán Vegano ,13000.0,"",,"2023-05-13 21:49:56",A,1,1,"20",1,
2214,prueba,1000.0,asdada,,"2023-05-16 16:50:24",A,1,,"3",1,
2215,prueba 2,10000.0,prueba,,"2023-05-16 16:51:59",A,1,,"4",1,
2216,prueba,11111.0,sd,,"2023-05-16 16:55:55",A,2,,"3",1,
2217,prueba,123.0,asd,,"2023-05-16 16:57:44",A,4,,"3",1,
2218,prueba,1111.0,d,,"2023-05-16 16:58:44",A,1,,"4",1,
2219,prueba 5,1111.0,asd,,"2023-05-16 17:01:29",I,2,1,"2",1,
2220,asd,12.0,asdsadsad,,"2023-05-16 17:03:16",I,3,1,"33",1,
2221,RAMAZZOTTI VIOLETTO,6500.0,"RAMAZZOTTI VIOLETA, ESPUMANTE, DASH MINERAL CON GAS,  HIELO CUBO, DECORACIÓN ",,"2023-05-19 22:46:16",A,2,2,"1",0,
2222,RAMAZZOTTI VIOLETTO ,6000.0,"RAMAZZOTTI VIOLETA, ESPUMANTE, DASH MINERAL CON GAS,  HIELO CUBO, DECORACIÓN ",,"2023-05-19 23:23:07",A,2,3,"1",0,
2223,Manhattan,6500.0,"",,"2023-05-21 16:38:04",A,2,1,"12",0,
2224,Casillero del Diablo 3/4 reserva,11900.0,"Cabernet sauvignon, Merlot, Carmenere",,"2023-05-26 14:13:19",A,2,6,"1",0,
2225,Toro de piedra gran reserva 3/4,16000.0,"Cabernet sauvignon, Merlot, Carmenere",,"2023-05-26 14:14:04",A,2,6,"2",0,
2226,Copa de vino,2500.0,"",,"2023-05-26 14:45:21",A,2,6,"2",0,
2227,Santa emiliana (Blanco 3/4),7490.0,"",,"2023-05-26 14:45:50",A,2,6,"4",0,
2228,Santa emiliana (Tinto 3/4),7900.0,"",,"2023-05-26 15:13:03",A,1,6,"5",0,
2229,Santa emiliana (Blanco 1/2),3900.0,"",,"2023-05-26 15:13:40",A,2,6,"6",0,
2230,Santa emiliana (Tinto 1/2),4000.0,"",,"2023-05-26 15:14:06",A,2,6,"7",0,
2231,Papas Rellenas Atequeñadas,3500.0,"",,"2023-05-27 16:01:46",A,1,1,"2",0,
2232,Whisky Sour,6500.0,"",,"2023-06-03 21:30:48",A,2,1,"13",0,
2233,Creme Brulee,3500.0,"",,"2023-06-04 15:26:51",A,3,1,"3",0,
2234,Café Espresso ,2000.0,"",,"2023-06-04 18:15:58",A,3,1,"3",0,
2235,Café Espresso Doble,2500.0,"",,"2023-06-04 18:16:30",A,3,1,"4",0,
2236,BACARDI ORO ,5000.0,RON BACARDÍ CARTA ORO ,,"2023-06-18 00:08:54",I,2,3,"1",0,
2237,pollo broaster,15.0,Aproximadamente 20min,,"2023-07-05 03:10:52",I,1,4,"2",1,
2238,Aguadito,10.0,"",,"2023-07-05 13:41:35",A,4,4,"1",0,
2239,Aguadito,10.0,"",,"2023-07-05 13:41:35",I,4,4,"1",0,
2240,Caldo de gallina,12.0,Presa entera,,"2023-07-05 13:42:21",A,4,4,"1",0,
2241,Ensalada verde,12.0,"",,"2023-07-05 13:47:09",A,4,4,"1",0,
2242,Ensalada RIKO,10.0,"",,"2023-07-05 13:47:45",A,1,4,"2",0,Cuarto parrilla
2243,Brocheta de Pollo,15.0,Aproximadamente 20min,,"2023-07-05 16:18:46",A,1,4,"1",0,
2244,Anticucho de corazón de res,15.0,Porción,,"2023-07-05 16:19:23",A,1,4,"2",0,
2245,Mollejita de pollo,15.0,"",,"2023-07-05 16:19:44",A,1,4,"3",1,Cuarto caliente
2246,Piña Colada,12.0,"",,"2023-07-05 16:22:42",A,2,4,"2",0,
2247,Piscina,15.0,"",,"2023-07-05 16:23:02",A,2,4,"3",0,
2248,Cuba Libre,15.0,"",,"2023-07-05 16:23:22",A,2,4,"4",0,
2249,Lomo saltado,25.0,Lomo de carne + arroz + papas fritas,,"2023-07-05 23:08:32",I,1,7,"1",0,
2250,Ají de gallina,15.0,"",,"2023-07-05 23:09:30",I,1,7,"2",0,
2251,ABSOLUT VODKARITA,20.0,"",,"2023-07-06 20:55:00",A,2,7,"1",0,
2252,PISCO SOUR,12.0,"",,"2023-07-06 21:14:22",I,2,7,"2",0,
2253,JOHNNIE WALKER RED LABEL 750 ML,149.0,- 1 GUARANA + 1 REDBULL + CUBETA HIELO,,"2023-07-06 21:17:12",A,2,7,"1",0,
2254,Lomo Liso Angus,15000.0,"",,"2023-07-07 11:33:40",I,1,1,"1",0,
2255,Tequila Margarita,7000.0,"",,"2023-07-08 13:58:19",A,2,1,"1",0,
2256,PAPAS RUSTICAS Y SALMÓN ,12000.0,PAPAS RUSTICAS CON FRITOS DE SALMÓN Y SALSA,,"2023-07-08 23:27:26",I,4,3,"9",1,
2257,CARMEN MARGAUX - CARMENERE ,11000.0,BOTELLA VINO CARMEN MARGAUX CARMENERE 750 CC,,"2023-07-15 00:28:04",A,2,2,"1",0,
2258,CARMEN MARGAUX - CABERNET SAUVIGNON,11000.0,BOTELLA VINO CARMEN MARGAUX CABERNET SAUVIGNON 750 CC,,"2023-07-15 00:29:42",A,2,2,"3",0,
2259,CASTILLO DE MOLINA CARMENERE ,15000.0,BOTELLA VINO CASTILLO MOLINA CARMENERE 750 CC ,,"2023-07-15 00:30:59",A,2,2,"4",0,
2260,CASTILLO MOLINA MERLOT,15000.0,BOTELLA CASTILLO DE MOLINA MERLOT 750 CC,,"2023-07-15 00:33:03",A,2,2,"6",0,
2261,CASILLERO DEL DIABLO CARMENERE ,13000.0,BOTELLA CASILLERO DEL DIABLO CARMENERE 750 CC ,,"2023-07-15 00:36:43",A,2,2,"8",0,
2262,CASILLERO DEL DIABLO MERLOT ,13000.0,BOTELLA CASILLERO DEL DIABLO MERLOT 750 CC ,,"2023-07-15 00:38:05",A,2,2,"9",0,
2263,MISIONES DE RENGO CARMENERE ,12000.0,BOTELLA MISIONES DE RENGO CARMENERE 750 CC ,,"2023-07-15 00:39:36",A,2,2,"11",0,
2264,MISIONES DE RENGO MERLOT ,12000.0,BOTELLA MISIONES DE RENGO MERLOT 750 CC ,,"2023-07-15 00:40:26",A,2,2,"12",0,
2265,SANTA DIGNA MERLOT,15000.0,BOTELLA SANTA DIGNA CABERNET SAUVIGNON 750 CC,,"2023-07-15 00:42:50",A,2,2,"15",0,
2266,COCA COLA ZERO ,2500.0,BEBIDA COCA COLA ZERO 350 CC,,"2023-07-15 00:46:29",A,2,2,"2",0,
2267,JUGO MARACUYA ,4000.0,"JUGO MARACUYA, HIELO ",,"2023-07-15 00:51:29",A,2,2,"3",0,
2268,MOJITO FRAMBUESA ,6500.0,"BASE MOJITO (MENTA, AZÚCAR FLOR, LIMÓN SÚTIL, JUGO DE LIMÓN), RON BLANCO, JUGO FRAMBUESA ",,"2023-07-15 00:54:01",A,2,2,"17",0,
2269,MOJITO KUNSTMAN ARANDANOS ,9500.0,"BASE MOJITO (MENTA, LIMÓN SÚTIL, AZÚCAR FLOR, JUGO LIMÓN), HIELO FRAPPE, RON BLANCO, CERVEZA KUNSTMAN ARANDANOS",,"2023-07-15 01:18:42",A,2,2,"1",0,
2270,MOJITO MARACUYA SIN ALCOHOL ,6000.0,"BASE MOJITO (MENTA, LIMÓN SÚTIL, AZÚCAR FLOR, JUGO LIMÓN), HIELO FRAPPE, JUGO MARACUYA.",,"2023-07-15 01:21:20",A,2,2,"2",0,
2271,MOJITO CERVEZA KUNSTMAN SIN ALCOHOL ,9000.0,"BASE MOJITO (MENTA, LIMÓN SÚTIL, AZÚCAR FLOR, JUGO LIMÓN), HIELO FRAPPE, CERVEZA KUNSTMAN SIN ALCOHOL.",,"2023-07-15 01:23:09",A,2,2,"1",0,
2272,TEQUILA MARACUYA ,6000.0,"TEQUILA, JUGO MARACUYA ",,"2023-07-15 01:27:32",A,2,2,"3",0,
2273,TEQUILA CHIRIMOYA ,6000.0,"TEQUILA, JUGO CHIRIMOYA",,"2023-07-15 01:28:13",A,2,2,"2",0,
2274,TEQUILA MANGO,6000.0,"TEQUILA, JUGO DE MANGO ",,"2023-07-15 01:29:04",A,2,2,"1",0,
2275,SANTA DIGNA MERLOT ,15000.0,BOTELLA 750 CC,,"2023-07-15 23:01:16",A,2,3,"1",0,
2276,CASTILLO DE MOLINA MERLOT ,15000.0,BOTELLA 750 CC,,"2023-07-15 23:02:00",A,2,3,"2",0,
2277,TANQUERAY ROYALE ,6000.0,"GIN TANQUERAY  ROYALE, AGUA TÓNICA, ARÁNDANOS, HIELO.",,"2023-07-21 21:30:25",A,2,2,"7",0,
2278,TANQUERAY FLOR DE SEVILLA ,6000.0,"GIN TANQUERAY FLOR DE SEVILLA, TÓNICA, SLICE DE NARANJA,  HIELO.",,"2023-07-21 21:32:19",A,2,2,"8",0,
2279,TABLA CARNIVORA,21000.0,"TABLA DE CARNES, POLLO SALTEADO, CARNE ASIENTO, ARROLLADO HUASO, TOCINO, SOPAIPILLAS DE CÓCTEL, LONGANIZAS, AROS DE CEBOLLA, CONDIMENTADO CON SAL, PIMIENTA, ACEITE DE OLIVA, POCILLO DE SALSA. ",,"2023-07-21 21:42:25",A,4,3,"5",1,
2280,TABLA CARNIVORA,21000.0,"TABLA DE CARNES, POLLO SALTEADO, CARNE ASIENTO, ARROLLADO HUASO, TOCINO, SOPAIPILLAS DE CÓCTEL, LONGANIZAS, AROS DE CEBOLLA, CONDIMENTADO CON SAL, PIMIENTA, ACEITE DE OLIVA, POCILLO DE SALSA. ",,"2023-07-21 21:44:53",A,1,2,"5",1,
2281,TABLA MIX QUESO ,21000.0,"Bolitas queso crema, queso fundo, aceituna negra y verde ,jamón serrano, salame, tostadas.",,"2023-07-21 21:46:33",A,4,2,"6",1,
2282,TANQUERAY DARK BERRY ROYALE  ,6000.0,"GIN TANQUEAY DARK BERRY, ARANDANOS, TÓNICA, HIELO",,"2023-07-22 23:02:19",A,2,3,"1",0,
2283,TANQUERAY FLOR DE SEVILLA ,6000.0,"GIN TANQUERAY FLOR DE SEVILLA, SLICE DE NARANJA, TÓNICA, HIELO ",,"2023-07-22 23:03:53",A,2,3,"2",0,
2284,Trilogía ,26000.0,"",,"2023-07-24 11:38:03",A,1,5,"1",0,
2285,Pollo,26000.0,"",,"2023-07-24 11:38:47",A,1,5,"2",0,
2286,Pernil ,26000.0,"",,"2023-07-24 11:39:03",A,1,5,"3",0,
2287,prueba 2 -1,11111.0,asd,,"2023-07-24 17:16:12",I,2,5,"1",0,
2288,TABLA TRILOGÍA DE CARNE,21000.0,"CARNE DE RESS, POLLO, ARROLLADO HUASO, CROCANCIAS DE CAMOTE, GALLETAS CRACKELET ",,"2023-07-28 22:53:25",A,4,2,"7",1,
2289,TABLA PIGMEA,21000.0,"3 SHOT DE CEVICHE, 3 SHOT DE CRUDO DE RESS, QUESO MANTECOSO, ACEITUNAS NEGRAS, ACEITUNAS SEVILLANAS, PEPINILLOS, TULIPA DE CARNE  ASIENTO,CROCANCIAS DE PAPAS CAMOTE, GALLETAS CRACKELET, SALAME ITALIANO LAMINADO. ",,"2023-07-28 22:56:57",A,4,2,"8",1,
2290,JOHNNIE WALKER BLACK LABEL 750ML,210.0,"",,"2023-08-02 02:49:21",A,2,7,"2",0,
2291,JOHNNIE WALKER GOLD LABEL 750 ML,400.0,"",,"2023-08-02 02:51:23",A,2,7,"3",0,
2292,TEQUILA JOSE CUERVO 750 ML,150.0,"",,"2023-08-02 02:53:42",A,2,7,"4",0,
2293,RON BARCELÓ 750 ML,140.0,"",,"2023-08-02 02:54:23",A,2,7,"5",0,
2294,RON BACARDÍ 750 ML,140.0,"",,"2023-08-02 02:55:07",A,2,7,"6",0,
2295,RON FLOR DE CAÑA 750 ML,140.0,"",,"2023-08-02 02:56:16",A,2,7,"7",0,
2296,PISCO TABERNERO 750 ML,110.0,"",,"2023-08-02 02:57:39",A,2,7,"8",0,
2297,JAGERMEISTER 750 ML,170.0,"",,"2023-08-02 02:59:58",A,2,7,"9",0,
2298,COMBO PILSEN X 6 BOTELLAS,50.0,"",,"2023-08-02 03:02:20",A,2,7,"1",0,
2299,COMBO CORONAS X 6 BOTELLAS,60.0,"",,"2023-08-02 03:03:12",A,2,7,"2",0,
2300,COMBO TRIGO X 6 BOTELLAS,60.0,"",,"2023-08-02 03:05:03",A,2,7,"3",0,
2301,MIKE,19.0,"",,"2023-08-03 00:32:03",A,2,7,"2",0,
2302,MARGARITA,17.0,"",,"2023-08-03 00:32:31",A,2,7,"3",0,
2303,TEQUILA SUNRISE,17.0,"",,"2023-08-03 00:33:35",A,2,7,"4",0,
2304,SHOT DE TEQUILA,15.0,"",,"2023-08-03 00:33:59",A,2,7,"5",0,
2305,COCTEL AMAREA,20.0,"",,"2023-08-03 00:35:21",A,2,7,"1",0,
2306,COCTEL LA PATRONA,20.0,"",,"2023-08-03 00:36:40",A,2,7,"2",0,
2307,COCTEL PERRO INFIEL,20.0,"",,"2023-08-03 00:36:58",A,2,7,"3",0,
2308,PILSEN 305 ML,10.0,"",,"2023-08-03 00:41:14",A,2,7,"1",0,
2309,CORONA 355 ML,12.0,"",,"2023-08-03 00:42:29",A,2,7,"2",0,
2310,CUSQUEÑA DE TRIGO 310 ML,11.0,"",,"2023-08-03 00:43:25",A,2,7,"3",0,
2311,RED BULL 250 ML,15.0,"",,"2023-08-03 00:44:16",A,2,7,"4",0,
2312,MONSTER ENERGY 473 ML,15.0,"",,"2023-08-03 00:45:17",A,2,7,"5",0,
2313,GASEOSA 500 ML,5.0,"",,"2023-08-03 00:46:10",I,2,7,"6",0,
2314,GASEOSA 500 ML,5.0,"",,"2023-08-03 00:46:10",A,2,7,"6",0,
2315,AGUA MINERAL 600 ML,5.0,"",,"2023-08-03 00:46:57",A,2,7,"7",0,
2316,CIGARRO LUCKY,2.0,"",,"2023-08-03 00:47:25",A,2,7,"8",0,
2317,EVERVESS GINGER  1.5 L,18.0,"",,"2023-08-03 00:49:39",A,2,7,"9",0,
2318,Filete Rossini,18000.0,"",,"2023-08-05 13:32:53",A,1,1,"22",1,
2319,Oasis ,6500.0,"",,"2023-08-05 13:33:50",I,2,1,"1",0,
2320,Pappardelle al Funghi,14000.0,"",,"2023-08-13 11:33:45",A,1,1,"19",1,
2321,TABLA TRILOGÍA DE CARNE,21000.0,"CARNE DE RESS, POLLO, ARROLLADO HUASO,CROCANCIA DE CAMOTE, GALLETAS CRACKER",,"2023-08-18 22:18:54",A,4,3,"3",0,
2322,TABLA CARNIVORA,21000.0,"TABLA DE CARNES, POLLO SALTEADO, CARNE ASIENTO, ARROLLADO HUASO, TOCINO, SOPAIPILLAS DE CÓCTEL, LONGANIZAS, AROS DE CEBOLLA, CONDIMENTADO CON SAL, PIMIENTA, ACEITE DE OLIVA, POCILLO DE SALSA. 
",,"2023-08-19 22:56:59",A,4,3,"9",0,
2323,Confit de Pato,18000.0,"",,"2023-08-20 12:52:59",A,1,1,"24",1,
2324,MOJITO TRADICIONAL,6000.0,"BASE MOJITO, MENTA, LIMÓN SUTIL, HIELO FRAPPE, RON BLANCO, DASH DE MINERAL CON GAS.",,"2023-09-02 22:55:13",A,2,3,"1",0,
2325,MOJITO WHISKY,12000.0,"BASE MOJITO, MENTA, LIMÓN SUTIL, HIELO FRAPPE, WHISKY ",,"2023-09-02 23:01:48",A,2,3,"2",0,
2326,Atún con costra de Sésamo,17000.0,"",,"2023-09-03 12:58:02",A,1,1,"1",0,
2327,TROPICAL GIN ,8000.0,"COPA DE GIN BEEFEATER, RED BULL TROPICAL (YELLOW), PULPA MARACUYA, HIELO, SLICE DE NARANJA, SLICE DE LIMÓN ",,"2023-09-09 00:00:26",A,2,3,"3",0,
2328,Empanada de Carne Mechada ,3500.0,"",,"2023-09-09 10:51:39",A,4,1,"2",0,
2329,TERREMOTO,4000.0,"PIPEÑO, GRANADINA, HELADO DE PIÑA ",,"2023-09-15 21:43:59",A,2,3,"3",0,
2330,Lorito de Vino con Chirimoya ,4500.0,"",,"2023-09-16 10:40:55",A,2,1,"5",0,
2331,Café Capuchino ,3000.0,"",,"2023-09-17 12:18:48",A,3,1,"5",0,
2332,Lorito Terremoto Infantil ,2500.0,"",,"2023-09-17 13:38:14",A,2,1,"6",0,
2333,Porción de Prietas,3500.0,"",,"2023-09-19 16:09:01",A,1,1,"1",0,
2334,MOJITO RED BULL ,8000.0,"BASE MOJITO, MENTA, LIMÓN, MACERADO CON AZÚCAR FLOR, HIELO FRAPPE, CANADA DRY, RED BULL.",,"2023-09-29 22:14:40",A,2,3,"2",0,
2335,MOJITO RED BULL,9500.0,"BASE MOJITO, MENTA, LIMÓN, MACERADO CON AZÚCAR FLOR, HIELO FRAPPE, RON BLANCO, RED BULL.",,"2023-09-30 01:29:03",A,2,3,"3",0,
2336,JUGO MARACUYA ,4000.0,"JUGO SABOR MARACUYA, HIELO ",,"2023-10-13 22:22:36",A,2,3,"3",0,
2337,Ramazzotti Sour,5500.0,"",,"2023-10-15 13:01:26",A,2,1,"3",0,
2338,Copa de Espumante,5500.0,"",,"2023-10-15 13:02:37",A,2,1,"4",0,
2339,Ceviche Mixto Salmón-Camarón,9000.0,"",,"2023-10-22 11:00:40",A,4,1,"1",0,
2340,Bosque Doña Anita,6000.0,"",,"2023-10-22 11:01:21",A,3,1,"1",0,
2341,TROPICAL GIN,8000.0,"COPA DE GIN BEEFEATER, RED BULL TROPICAL (YELLOW), PULPA MARACUYA, HIELO, SLICE DE NARANJA, SLICE DE LIMÓN ",,"2023-11-10 23:10:20",A,2,2,"9",0,
2342,TABLA PIGMEA,21000.0,"3 SHOT DE CEVICHE, 3 SHOT DE CRUDO DE RESS, QUESO MANTECOSO, ACEITUNAS NEGRAS, ACEITUNAS SEVILLANAS, PEPINILLOS, TULIPA DE CARNE  ASIENTO,CROCANCIAS DE PAPAS CAMOTE, GALLETAS CRACKELET, SALAME ITALIANO LAMINADO. ",,"2023-11-17 22:07:14",A,4,3,"10",1,
2343,Puré del Bosque ,3500.0,"",,"2023-11-19 13:32:51",A,1,1,"1",0,
2344,Sinfonía Dulce ,7500.0,"",,"2023-11-19 13:34:02",A,3,1,"4",0,
2345,CHICHA DE JORA 1L,7000.0,"",,"2023-12-08 12:43:15",A,2,6,"2",0,
2346,JUGO DE CHIRIMOYA,3500.0,"",,"2023-12-08 12:44:55",A,2,6,"5",0,
2347,JUGO DE MANGO,3500.0,"",,"2023-12-08 12:45:20",A,2,6,"6",0,
2348,JUGO DE FRUTILLA,3500.0,"",,"2023-12-08 12:45:45",A,2,6,"7",0,
2349,JUGO DE FRAMBUESA,3500.0,"",,"2023-12-08 12:46:18",A,2,6,"8",0,
2350,JUGO DE PAPAYA,3500.0,"",,"2023-12-08 12:46:50",A,2,6,"9",0,
2351,JUGO DE PIÑA,3500.0,"",,"2023-12-08 12:47:05",A,2,6,"10",0,
2352,JUGO DE MARACUYÁ,3800.0,"",,"2023-12-08 12:47:38",A,2,6,"11",0,
2353,Arrollado,26000.0,"",,"2023-12-30 13:56:33",A,1,5,"4",0,
2354,Pascualina,26000.0,"",,"2023-12-30 13:57:08",A,1,5,"5",0,
2355,Costillar,26000.0,"",,"2023-12-30 13:57:24",A,1,5,"6",0,
2356,Cazuela Trifásica ,26000.0,"",,"2023-12-30 13:57:45",A,1,5,"7",0,
2357,Menú Niños,15000.0,"",,"2023-12-30 13:58:14",A,1,5,"8",0,
2358,ceviche de pollo,2.0,asdasdasd,,"2023-12-30 19:07:16",A,2,4,"1",0,
2359,prueba,123.0,asdadasdasdsad,,"2023-12-30 19:14:04",A,4,4,"3",0,
2360,CHOCO LOPEZ 52,6000.0,"3 SHOT DE TEQUILA, KAHLUA Y BAILEYS, FLAMBEADO. (Lucas-Manuel-Javier)",,"2024-01-05 19:56:06",A,2,2,"1",0,
2361,PINKY PROMISE,8500.0,"BEEFEATER PINK, JUGO FRUTILLA, JUGO FRAMBUESA, RED BULL TRADICIONAL.",,"2024-01-27 22:38:32",A,2,2,"2",0,
2362,Salmón Profumo ,0.0,"",,"2024-02-14 16:59:44",I,1,1,"1",0,
2363,Asado al Vino,0.0,"",,"2024-02-14 17:00:07",I,1,1,"2",0,
2364,Gin Beefeater,9000.0,"",,"2024-02-14 17:20:19",A,2,1,"6",0,
2365,Gin Bombay ,9000.0,"",,"2024-02-14 17:21:05",A,2,1,"6",0,
2366,Vodka Stolichnaya,7000.0,"",,"2024-02-14 17:21:50",A,2,1,"8",0,
2367,Beso de Fresa ,6000.0,"",,"2024-02-14 17:30:07",A,2,1,"8",0,
2368,Posión de Amor,6000.0,"",,"2024-02-14 17:30:39",A,2,1,"9",0,
2369,Beso de Una Rosa,6000.0,"",,"2024-02-14 17:31:52",A,2,1,"10",0,
2370,Castillo de Molina Reservas Merlot,15000.0,"",,"2024-02-14 17:46:49",A,2,1,"12",0,
2371,Miguel Torres Gran Reserva Cabernet Souvignon,20000.0,"",,"2024-02-14 17:48:24",A,2,1,-513,0,
2372,Pollo,8000.0,"",,"2024-02-19 17:46:56",I,1,5,"1",0,
2373,SORRENTINOS NEGROS  DE SALMÓN AHUMADO ,0.0,"Pasta con tinta de sepia, relleno  de salmón ahumado, ricota y ciboulette en salsa bisque",,"2024-03-08 22:09:17",I,1,1,"1",0,
2374,PUNTA GLASEADA,0.0,"Punta Paleta Galseada con salsa demiglace sobre cremoso de patatas, arándanosn confitados y chutnie de maracuyá ",,"2024-03-08 22:10:39",I,1,1,"2",0,
2375,Habas con Cebolla,3500.0,"",,"2024-03-08 22:35:41",A,1,1,"15",0,
2376,Sorrentino Negro de Salmón Ahumado,16000.0,"Pasta con tinta de calamar, relleno de salmón ahumado, ricota y ciboulette, en salsa bisque",,"2024-03-09 16:54:23",A,1,1,"20",1,
2377,Punta Glaseada,16000.0,"Punta paleta glaseada en salsa demiglace, anclado en un cremoso de patatas,  Saborizados con arándanos confitados y chutney de maracuyá ",,"2024-03-09 16:58:38",A,1,1,"21",0,
2378,Fresas y Rosas,5000.0,"Pastel de terciopelo rojo, en glaseado de chocolate blanco con fresas y almíbar  de rosa",,"2024-03-09 17:22:57",A,3,1,"1",1,
2383,karankas,1234.0,asdasdasd,,"2024-03-10 03:00:49",A,,4,"",0,
2384,karankas,1234.0,asdasdasd,,"2024-03-10 03:02:55",A,,4,"",0,
2385,karankas,1234.0,asdasdasd,,"2024-03-10 03:05:52",A,,4,"",0,
2386,karankas,1234.0,asdasdasd,,"2024-03-10 03:07:41",A,,4,"",0,
2387,prueba,123.0,asdasdasd,,"2024-03-10 17:39:09",A,,4,"",0,
2388,prueba 2,123.0,asdasdasd,,"2024-03-10 17:39:42",I,,4,"",0,
2389,prueba 6,123.0,asdasd,,"2024-03-10 17:41:27",A,,4,"",0,
2390,prueba 5,123.0,adadasds,,"2024-03-10 17:41:37",A,,4,"",0,
2391,prueba 7,123.0,asdasdasd,,"2024-03-10 17:41:47",I,,4,"",0,
2392,prueba,1234.0,asdasdasd,,"2024-03-10 17:48:22",I,,4,"",0,
2393,prueba 111,123.0,ada dasd as dasd,,"2024-03-10 17:50:12",A,,4,"",0,
2394,prueba 3,12123.0,asdasdasd,,"2024-03-10 17:51:38",I,,4,"",0,
2395,prueba 77777,123.0,adasd,,"2024-03-10 17:52:14",I,,4,"",0,
2396,prueba 444,123.0,asdasd,,"2024-03-10 17:58:32",I,,4,"",0,
2397,prueba5,1222.0,asdasdad,,"2024-03-10 17:59:22",I,,4,"",0,
2398,PRUEBA 7,11111.0,PRUEBA 777,,"2024-03-10 17:59:37",I,,4,"",0,
2399,prueba 666,123123.0,asdasdasd,,"2024-03-10 18:00:08",A,,4,"",0,
2400,prueba 55,124124124,asdasd asdasd asd,,"2024-03-10 18:04:36",A,,4,"",0,
2401,nuevo 66,12323.0,asd asd asd asda sd,,"2024-03-10 18:08:38",A,,4,"",0,
2402,nuevo 666,231234.0,asdasdasdasdasd,,"2024-03-10 18:08:52",A,,4,"",0,
2403,sss,2123.0,asdasd,,"2024-03-10 18:50:51",A,,4,"",0,
2404,sss,123.0,asdasd,,"2024-03-10 18:52:13",A,,4,"",0,
2405,PRUEBA,1123.0,ASDASDASD,,"2024-03-10 18:55:34",A,,4,"",0,
2406,prueba,123.0,asdasdasd,,"2024-03-10 18:57:06",A,,4,"",0,
2407,PRUEBA,123.0,ASD,,"2024-03-10 18:58:38",A,,4,"",0,
2408,prueba,1231231.0,asdadasdasd,,"2024-03-10 18:59:48",I,,4,"",0,
2409,pruebaxxxxx,124.0,asdasd,,"2024-03-10 18:59:59",A,,4,"",0,
2410,cscs,123.0,asasdasd,,"2024-03-10 19:00:19",I,,4,"",0,
2411,sdfsdf,234.0,adasdasd,,"2024-03-10 19:00:44",A,,4,"",0,
2412,ffff,243.0,sfsdfsd,,"2024-03-10 19:00:59",A,,4,"",0,
2413,asdasd,1222.0,asdasd,,"2024-03-10 19:01:54",A,,4,"",0,
2414,sss,123.0,asd,,"2024-03-10 19:02:29",A,,4,"",0,
2415,"2342sdfsdf",22.0,asdasdasd,,"2024-03-10 19:03:15",I,,4,"",0,
2416,asdasd,2.0,asdasd,,"2024-03-10 19:08:16",I,,4,"",0,
2417,asdasd,1212.0,asdasdasd,,"2024-03-10 19:38:55",A,,4,"",0,
2418,sdfsdf,23.0,sf,,"2024-03-10 19:57:12",A,,4,"",0,
2419,prueba,1222.0,asdasdasdasaasd,,"2024-03-13 13:47:23",A,1,4,"4",0,Cuarto frío
2420,FONDO PARRILLA 1,1111.0,ASDASDASD,,"2024-03-13 13:57:03",A,1,4,"1",0,Cuarto parrilla
2421,FONDO PARRILLA 2,22222.0,ASDASD,,"2024-03-13 13:57:17",A,1,4,"2",1,Cuarto parrilla
2422,FONDO PARRILLA 3,141212.0,ASDASASD,,"2024-03-13 13:57:33",A,1,4,"3",0,Cuarto parrilla
2423,FONDO CALIENTE 1,2123123.0,ADSASDASD,,"2024-03-13 13:57:50",A,1,4,"4",0,Cuarto caliente
2424,FONDO CALIENTE 2,123123.0,ASDASDASD,,"2024-03-13 13:58:07",A,1,4,"5",0,Cuarto caliente
2425,FONDO FRIO 1 ,123123.0,ASDAD,,"2024-03-13 13:58:30",A,1,4,"6",0,Cuarto frío
2426,FONDO FRIO 2,123123.0,SDFSDFSDFSDF,,"2024-03-13 13:58:47",A,1,4,"8",0,Cuarto frío
2427,FONDO FRIO 3,23123.0,ADAS,,"2024-03-13 13:59:10",A,1,4,"8",0,Cuarto frío
2428,FONDO CALIENTE 3,123123.0,ASDASDASASD,,"2024-03-13 14:00:00",A,1,4,"9",0,Cuarto caliente
